method_id,video_id,session_key,frame_count,duration_seconds,FPS,HOTA,DetA,AssA,LocA,IDF1,IDP,IDR,IDSW_STANDARD,FP,FN,fragments,wrong_identity_frames,wrong_identity_seconds,recovered_identity_episodes,terminal_identity_episodes,persistent_pairwise_swaps,evaluation_status
bytetrack_raw,Pigs281119_000085_30fps,UNKNOWN,1800,60.0,30.0,0.9111606127805274,0.9076036700040911,0.9149925140461214,0.9204247787942166,0.994375,0.994375,0.994375,2,33,33,7,3482,116.06666666666264,0,2,1,COMPARABLE_STANDARD_V2_PRIMARY
bytetrack_raw,Pigs281119_000114_30fps,UNKNOWN,1800,60.0,30.0,0.8257435321147075,0.924300141158672,0.7377616154703629,0.9351109642798816,0.8535416666666666,0.8535416666666666,0.8535416666666666,4,4,4,2,3978,132.59999999999505,0,3,1,COMPARABLE_STANDARD_V2_PRIMARY
bytetrack_raw,Pigs291119_000216_30fps,UNKNOWN,1800,60.0,30.0,0.8759513344501211,0.889019724856552,0.8637806397193075,0.9197162767742524,0.9735416666666666,0.9735416666666666,0.9735416666666666,6,20,20,18,3278,109.26666666666304,1,2,2,COMPARABLE_STANDARD_V2_PRIMARY
bytetrack_raw,Pigs291119_000225_30fps,UNKNOWN,1800,60.0,30.0,0.8633955741333423,0.8517207178003356,0.8792475985407621,0.8817884998895513,0.9972222222222222,0.9972222222222222,0.9972222222222222,0,40,40,19,0,0.0,0,0,0,COMPARABLE_STANDARD_V2_PRIMARY
bytetrack_raw,Pigs291119_000226_30fps,UNKNOWN,1800,60.0,30.0,0.8824753293010233,0.8741856060482655,0.8917925438553349,0.9017527034999852,0.9959027777777778,0.9959027777777778,0.9959027777777778,4,37,37,8,24,0.7999999999999999,2,0,0,COMPARABLE_STANDARD_V2_PRIMARY
bytetrack_raw,Pigs291119_000231_30fps,UNKNOWN,1800,60.0,30.0,0.6288734185351977,0.8853135415723907,0.4469518638471855,0.922102966097638,0.6518055555555555,0.6518055555555555,0.6518055555555555,29,115,115,16,5333,177.76666666665915,10,5,0,COMPARABLE_STANDARD_V2_PRIMARY
bytetrack_raw,Pigs291119_000233_30fps,UNKNOWN,1800,60.0,30.0,0.7647016804999115,0.9157344725861466,0.6386142467641444,0.943965127930657,0.7993055555555556,0.7993055555555556,0.7993055555555556,19,126,126,24,2869,95.63333333333048,7,4,0,COMPARABLE_STANDARD_V2_PRIMARY
bytetrack_raw,Pigs291119_000263_30fps,UNKNOWN,1800,60.0,30.0,0.8501508670629677,0.9014900307245504,0.8018465281638258,0.9144241365066496,0.9455555555555556,0.9455555555555556,0.9455555555555556,2,11,11,10,2883,96.09999999999712,20,2,1,COMPARABLE_STANDARD_V2_PRIMARY
bytetrack_raw,Pigs291119_000302_30fps,UNKNOWN,1800,60.0,30.0,0.8661556605162692,0.9279857144549986,0.8090118359199479,0.9304281524448996,0.9213888888888888,0.9213888888888888,0.9213888888888888,2,23,23,7,2470,82.33333333333121,1,2,1,COMPARABLE_STANDARD_V2_PRIMARY
bytetrack_raw,Pigs301119_000327_30fps,UNKNOWN,1800,60.0,30.0,0.8671287433438299,0.8855678070457194,0.8491125764004661,0.903453660646742,0.979097222222222,0.979097222222222,0.979097222222222,6,16,16,10,3310,110.33333333332963,2,2,1,COMPARABLE_STANDARD_V2_PRIMARY
bytetrack_raw,Pigs301119_000328_30fps,UNKNOWN,1800,60.0,30.0,0.9140975563129518,0.9081357430272424,0.9206483293428626,0.9268361495982396,0.9860416666666668,0.9860416666666668,0.9860416666666668,4,50,50,15,152,5.0666666666666575,2,0,1,COMPARABLE_STANDARD_V2_PRIMARY
bytetrack_raw,Pigs301119_000329_30fps,UNKNOWN,1800,60.0,30.0,0.9212264683498436,0.9253050674322696,0.9173505501429808,0.9343134932841928,0.9882638888888888,0.9882638888888888,0.9882638888888888,2,3,3,3,168,5.59999999999999,0,2,1,COMPARABLE_STANDARD_V2_PRIMARY
bytetrack_raw,Pigs301119_000330_30fps,UNKNOWN,1800,60.0,30.0,0.8226155616885439,0.9189770931706316,0.737143088680549,0.93088380370321,0.8823611111111112,0.8823611111111112,0.8823611111111112,4,2,2,2,3899,129.9666666666619,0,3,1,COMPARABLE_STANDARD_V2_PRIMARY
hybrid_bytetrack,Pigs281119_000085_30fps,UNKNOWN,1800,60.0,30.0,0.919061979253688,0.91525132774431,0.9230360047889724,0.9325197893841036,0.9954166666666666,0.9954166666666666,0.9954166666666666,0,66,66,17,0,0.0,0,0,0,COMPARABLE_STANDARD_V2_PRIMARY
hybrid_bytetrack,Pigs281119_000114_30fps,UNKNOWN,1800,60.0,30.0,0.879722249411858,0.8750840217622112,0.8845055735708888,0.9274838881050445,0.9872222222222222,0.9872222222222222,0.9872222222222222,0,184,184,58,0,0.0,0,0,0,COMPARABLE_STANDARD_V2_PRIMARY
hybrid_bytetrack,Pigs291119_000216_30fps,UNKNOWN,1800,60.0,30.0,0.8853261175849076,0.8728472007681054,0.8984906868718863,0.947192622662535,0.9774305555555556,0.9774305555555556,0.9774305555555556,0,325,325,65,0,0.0,0,0,0,COMPARABLE_STANDARD_V2_PRIMARY
hybrid_bytetrack,Pigs291119_000225_30fps,UNKNOWN,1800,60.0,30.0,0.8309763798642535,0.8156052055702849,0.8516950952765846,0.86682392434155,0.9888194444444444,0.9888194444444444,0.9888194444444444,0,161,161,48,0,0.0,0,0,0,COMPARABLE_STANDARD_V2_PRIMARY
hybrid_bytetrack,Pigs291119_000226_30fps,UNKNOWN,1800,60.0,30.0,0.8822631786656048,0.8727973559910751,0.8925855316977481,0.9067358160351096,0.9969444444444444,0.9969444444444444,0.9969444444444444,0,44,44,19,0,0.0,0,0,0,COMPARABLE_STANDARD_V2_PRIMARY
hybrid_bytetrack,Pigs291119_000231_30fps,UNKNOWN,1800,60.0,30.0,0.9097241025757752,0.9019153628997072,0.9178398223328044,0.9597441257111264,0.9871527777777775,0.9871527777777775,0.9871527777777775,0,185,185,54,0,0.0,0,0,0,COMPARABLE_STANDARD_V2_PRIMARY
hybrid_bytetrack,Pigs291119_000233_30fps,UNKNOWN,1800,60.0,30.0,0.9323114551972635,0.9299025585059488,0.9347419134033282,0.9732909512246956,0.9913194444444444,0.9913194444444444,0.9913194444444444,0,113,113,32,24,0.7999999999999999,8,0,0,COMPARABLE_STANDARD_V2_PRIMARY
hybrid_bytetrack,Pigs291119_000263_30fps,UNKNOWN,1800,60.0,30.0,0.9123537591792384,0.9099005442784002,0.914895462068182,0.9264642993371726,0.9965972222222222,0.9965972222222222,0.9965972222222222,0,49,49,16,0,0.0,0,0,0,COMPARABLE_STANDARD_V2_PRIMARY
hybrid_bytetrack,Pigs291119_000302_30fps,UNKNOWN,1800,60.0,30.0,0.930202435888938,0.9267718813500317,0.9339678343585978,0.9327700983915144,0.9957638888888888,0.9957638888888888,0.9957638888888888,0,61,61,5,0,0.0,0,0,0,COMPARABLE_STANDARD_V2_PRIMARY
hybrid_bytetrack,Pigs301119_000327_30fps,UNKNOWN,1800,60.0,30.0,0.8537892620466188,0.8508438455032648,0.8568469081201768,0.8984162587306794,0.990625,0.990625,0.990625,0,135,135,44,0,0.0,0,0,0,COMPARABLE_STANDARD_V2_PRIMARY
hybrid_bytetrack,Pigs301119_000328_30fps,UNKNOWN,1800,60.0,30.0,0.9313657105586236,0.9267105431253938,0.9363239082056604,0.938284528535962,0.9921527777777776,0.9921527777777776,0.9921527777777776,0,113,113,19,0,0.0,0,0,0,COMPARABLE_STANDARD_V2_PRIMARY
hybrid_bytetrack,Pigs301119_000329_30fps,UNKNOWN,1800,60.0,30.0,0.9268456199113896,0.922176170796888,0.9317088606992991,0.936991865088774,0.9972222222222222,0.9972222222222222,0.9972222222222222,0,40,40,19,0,0.0,0,0,0,COMPARABLE_STANDARD_V2_PRIMARY
hybrid_bytetrack,Pigs301119_000330_30fps,UNKNOWN,1800,60.0,30.0,0.8973991040355292,0.8899811914970671,0.9052044980742148,0.9336106436842188,0.9928472222222222,0.9928472222222222,0.9928472222222222,0,103,103,29,0,0.0,0,0,0,COMPARABLE_STANDARD_V2_PRIMARY
realtime_fast,Pigs281119_000085_30fps,UNKNOWN,1800,60.0,30.0,0.9087989681503126,0.9050477622917714,0.9128381369849639,0.9192490692855732,0.9938194444444444,0.9938194444444444,0.9938194444444444,2,35,35,6,3473,115.76666666666266,0,2,1,COMPARABLE_STANDARD_V2_PRIMARY
realtime_fast,Pigs281119_000114_30fps,UNKNOWN,1800,60.0,30.0,0.9259711043903882,0.9237761043299396,0.9282697666038634,0.9336109008147672,0.9995833333333332,0.9995833333333332,0.9995833333333332,0,6,6,4,0,0.0,0,0,0,COMPARABLE_STANDARD_V2_PRIMARY
realtime_fast,Pigs291119_000216_30fps,UNKNOWN,1800,60.0,30.0,0.8758902997918283,0.8889876859765133,0.8637135797047913,0.91888975744592,0.9753472222222223,0.9753472222222223,0.9753472222222223,2,18,18,9,3257,108.56666666666308,0,2,1,COMPARABLE_STANDARD_V2_PRIMARY
realtime_fast,Pigs291119_000225_30fps,UNKNOWN,1800,60.0,30.0,0.8620090491918813,0.8500767005380776,0.8783523691135517,0.8809755719115179,0.9970833333333332,0.9970833333333332,0.9970833333333332,0,42,42,20,0,0.0,0,0,0,COMPARABLE_STANDARD_V2_PRIMARY
realtime_fast,Pigs291119_000226_30fps,UNKNOWN,1800,60.0,30.0,0.8828107758437522,0.8744793548372498,0.8921626114013611,0.9016018503850488,0.9976388888888889,0.9976388888888889,0.9976388888888889,2,32,32,6,2,0.0666666666666666,1,0,0,COMPARABLE_STANDARD_V2_PRIMARY
realtime_fast,Pigs291119_000231_30fps,UNKNOWN,1800,60.0,30.0,0.7589687443112137,0.8878681708438911,0.6500668165254376,0.9207142682661444,0.8326388888888889,0.8326388888888889,0.8326388888888889,8,69,69,7,3071,102.36666666666342,2,4,3,COMPARABLE_STANDARD_V2_PRIMARY
realtime_fast,Pigs291119_000233_30fps,UNKNOWN,1800,60.0,30.0,0.835577521110272,0.9084255916407804,0.7685873373261944,0.9451504172801464,0.868670665364765,0.872443261417764,0.8649305555555555,9,189,313,20,1669,55.633333333332736,3,2,1,COMPARABLE_STANDARD_V2_PRIMARY
realtime_fast,Pigs291119_000263_30fps,UNKNOWN,1800,60.0,30.0,0.892991620338211,0.8917698455078271,0.8942637651003859,0.9117150283927,0.9940277777777776,0.9940277777777776,0.9940277777777776,4,13,13,10,128,4.26666666666666,8,0,0,COMPARABLE_STANDARD_V2_PRIMARY
realtime_fast,Pigs291119_000302_30fps,UNKNOWN,1800,60.0,30.0,0.9323309889174566,0.9294278141088718,0.935489753768413,0.9299387700017282,0.9995833333333332,0.9995833333333332,0.9995833333333332,0,6,6,3,0,0.0,0,0,0,COMPARABLE_STANDARD_V2_PRIMARY
realtime_fast,Pigs301119_000327_30fps,UNKNOWN,1800,60.0,30.0,0.8661318186737885,0.8770254714907729,0.8554559255211883,0.8997916287227741,0.979236111111111,0.979236111111111,0.979236111111111,2,13,13,9,293,9.76666666666664,2,2,1,COMPARABLE_STANDARD_V2_PRIMARY
realtime_fast,Pigs301119_000328_30fps,UNKNOWN,1800,60.0,30.0,0.9241796241862295,0.9189355245950136,0.9299970930794516,0.9272196993729576,0.9968055555555556,0.9968055555555556,0.9968055555555556,0,46,46,10,0,0.0,0,0,0,COMPARABLE_STANDARD_V2_PRIMARY
realtime_fast,Pigs301119_000329_30fps,UNKNOWN,1800,60.0,30.0,0.9346925101343024,0.9322041813463138,0.9373335337849082,0.9335904828669752,0.9999305555555555,0.9999305555555555,0.9999305555555555,0,1,1,1,0,0.0,0,0,0,COMPARABLE_STANDARD_V2_PRIMARY
realtime_fast,Pigs301119_000330_30fps,UNKNOWN,1800,60.0,30.0,0.9250926057335886,0.9215425779874918,0.9288734581509605,0.931631933109584,0.9997916666666666,0.9997916666666666,0.9997916666666666,0,3,3,2,0,0.0,0,0,0,COMPARABLE_STANDARD_V2_PRIMARY
rf_hybrid,Pigs281119_000085_30fps,UNKNOWN,1800,60.0,30.0,0.9102902838355558,0.9065851733141116,0.9142833644649264,0.9191691543768814,0.995625,0.995625,0.995625,2,9,9,5,3476,115.86666666666264,0,2,1,COMPARABLE_STANDARD_V2_PRIMARY
rf_hybrid,Pigs281119_000114_30fps,UNKNOWN,1800,60.0,30.0,0.9263913098204548,0.9242007810594236,0.9286856537347395,0.933684549570302,0.999722222222222,0.999722222222222,0.999722222222222,0,4,4,3,0,0.0,0,0,0,COMPARABLE_STANDARD_V2_PRIMARY
rf_hybrid,Pigs291119_000216_30fps,UNKNOWN,1800,60.0,30.0,0.8767358405028566,0.8896648320422081,0.8647232790945018,0.9190288257465368,0.97625,0.97625,0.97625,2,7,7,5,3260,108.66666666666306,0,2,1,COMPARABLE_STANDARD_V2_PRIMARY
rf_hybrid,Pigs291119_000225_30fps,UNKNOWN,1800,60.0,30.0,0.8624094547426219,0.8505094147061814,0.8786904899025092,0.8811227777367693,0.9973611111111113,0.9973611111111113,0.9973611111111113,0,38,38,18,0,0.0,0,0,0,COMPARABLE_STANDARD_V2_PRIMARY
rf_hybrid,Pigs291119_000226_30fps,UNKNOWN,1800,60.0,30.0,0.8835967033415848,0.8752974236860993,0.8929133679680721,0.9017450450492176,0.9980555555555556,0.9980555555555556,0.9980555555555556,0,28,28,6,0,0.0,0,0,0,COMPARABLE_STANDARD_V2_PRIMARY
rf_hybrid,Pigs291119_000231_30fps,UNKNOWN,1800,60.0,30.0,0.7614889711123988,0.8911606412953773,0.6518471429890663,0.9217895763718432,0.8322222222222222,0.8322222222222222,0.8322222222222222,4,92,92,6,2965,98.83333333333027,3,4,2,COMPARABLE_STANDARD_V2_PRIMARY
rf_hybrid,Pigs291119_000233_30fps,UNKNOWN,1800,60.0,30.0,0.7506544344007287,0.913376310264782,0.6169983460594336,0.9456803676251204,0.7637048402845585,0.7670215746707761,0.7604166666666666,4,166,290,13,3235,107.83333333332978,6,4,0,COMPARABLE_STANDARD_V2_PRIMARY
rf_hybrid,Pigs291119_000263_30fps,UNKNOWN,1800,60.0,30.0,0.8304657553839155,0.9002220937591014,0.7661414626299042,0.9129187515819048,0.9122916666666666,0.9122916666666666,0.9122916666666666,4,13,13,8,1283,42.7666666666668,8,0,1,COMPARABLE_STANDARD_V2_PRIMARY
rf_hybrid,Pigs291119_000302_30fps,UNKNOWN,1800,60.0,30.0,0.9325725244010946,0.929689163722655,0.935711314490122,0.9300592684987093,0.9991666666666666,0.9991666666666666,0.9991666666666666,0,12,12,3,0,0.0,0,0,0,COMPARABLE_STANDARD_V2_PRIMARY
rf_hybrid,Pigs301119_000327_30fps,UNKNOWN,1800,60.0,30.0,0.866474862675296,0.87739371032987,0.8557741919183794,0.899861121871894,0.9795138888888888,0.9795138888888888,0.9795138888888888,2,10,10,7,296,9.866666666666642,0,2,1,COMPARABLE_STANDARD_V2_PRIMARY
rf_hybrid,Pigs301119_000328_30fps,UNKNOWN,1800,60.0,30.0,0.9246672602444705,0.9194775222426412,0.9304300415449344,0.9272835638522032,0.9979861111111112,0.9979861111111112,0.9979861111111112,0,29,29,10,0,0.0,0,0,0,COMPARABLE_STANDARD_V2_PRIMARY
rf_hybrid,Pigs301119_000329_30fps,UNKNOWN,1800,60.0,30.0,0.9349968589554456,0.9325050344249473,0.9376420054200904,0.933691137571078,0.9999305555555555,0.9999305555555555,0.9999305555555555,0,1,1,1,0,0.0,0,0,0,COMPARABLE_STANDARD_V2_PRIMARY
rf_hybrid,Pigs301119_000330_30fps,UNKNOWN,1800,60.0,30.0,0.9252294868968904,0.9216822687660428,0.9290076872282292,0.9316875153339692,0.9997916666666666,0.9997916666666666,0.9997916666666666,0,3,3,2,0,0.0,0,0,0,COMPARABLE_STANDARD_V2_PRIMARY
