comparison_id,candidate_method,reference_method,metric,resampling_unit,omitted_cluster,cluster_count_retained,full_mean_paired_difference,leave_one_out_mean_paired_difference,change_from_full_mean,independence_status
C1,realtime_fast,bytetrack_raw,HOTA,VIDEO,Pigs281119_000085_30fps,12,0.04090533012953753,0.044510911359516896,0.0036055812299793655,INTER_VIDEO_INDEPENDENCE_UNRESOLVED
C1,realtime_fast,bytetrack_raw,HOTA,VIDEO,Pigs281119_000114_30fps,12,0.04090533012953753,0.035961809950692265,-0.004943520178845265,INTER_VIDEO_INDEPENDENCE_UNRESOLVED
C1,realtime_fast,bytetrack_raw,HOTA,VIDEO,Pigs291119_000216_30fps,12,0.04090533012953753,0.044319193861856725,0.0034138637323191945,INTER_VIDEO_INDEPENDENCE_UNRESOLVED
C1,realtime_fast,bytetrack_raw,HOTA,VIDEO,Pigs291119_000225_30fps,12,0.04090533012953753,0.04442965138545408,0.0035243212559165488,INTER_VIDEO_INDEPENDENCE_UNRESOLVED
C1,realtime_fast,bytetrack_raw,HOTA,VIDEO,Pigs291119_000226_30fps,12,0.04090533012953753,0.044286153761771585,0.003380823632234055,INTER_VIDEO_INDEPENDENCE_UNRESOLVED
C1,realtime_fast,bytetrack_raw,HOTA,VIDEO,Pigs291119_000231_30fps,12,0.04090533012953753,0.03347283049233099,-0.00743249963720654,INTER_VIDEO_INDEPENDENCE_UNRESOLVED
C1,realtime_fast,bytetrack_raw,HOTA,VIDEO,Pigs291119_000233_30fps,12,0.04090533012953753,0.03840778758946895,-0.0024975425400685786,INTER_VIDEO_INDEPENDENCE_UNRESOLVED
C1,realtime_fast,bytetrack_raw,HOTA,VIDEO,Pigs291119_000263_30fps,12,0.04090533012953753,0.040744044867395385,-0.0001612852621421454,INTER_VIDEO_INDEPENDENCE_UNRESOLVED
C1,realtime_fast,bytetrack_raw,HOTA,VIDEO,Pigs291119_000302_30fps,12,0.04090533012953753,0.03879949694023338,-0.00210583318930415,INTER_VIDEO_INDEPENDENCE_UNRESOLVED
C1,realtime_fast,bytetrack_raw,HOTA,VIDEO,Pigs301119_000327_30fps,12,0.04090533012953753,0.04439718469616911,0.0034918545666315776,INTER_VIDEO_INDEPENDENCE_UNRESOLVED
C1,realtime_fast,bytetrack_raw,HOTA,VIDEO,Pigs301119_000328_30fps,12,0.04090533012953753,0.043473935317559186,0.0025686051880216554,INTER_VIDEO_INDEPENDENCE_UNRESOLVED
C1,realtime_fast,bytetrack_raw,HOTA,VIDEO,Pigs301119_000329_30fps,12,0.04090533012953753,0.04319193749162742,0.002286607362089889,INTER_VIDEO_INDEPENDENCE_UNRESOLVED
C1,realtime_fast,bytetrack_raw,HOTA,VIDEO,Pigs301119_000330_30fps,12,0.04090533012953753,0.03577435396991193,-0.0051309761596256,INTER_VIDEO_INDEPENDENCE_UNRESOLVED
C1,realtime_fast,bytetrack_raw,DetA,VIDEO,Pigs281119_000085_30fps,12,-0.00044404187595008357,-0.0002680530562526133,0.0001759888196974703,INTER_VIDEO_INDEPENDENCE_UNRESOLVED
C1,realtime_fast,bytetrack_raw,DetA,VIDEO,Pigs281119_000114_30fps,12,-0.00044404187595008357,-0.00043737562988489337,6.666246065190203e-06,INTER_VIDEO_INDEPENDENCE_UNRESOLVED
C1,realtime_fast,bytetrack_raw,DetA,VIDEO,Pigs291119_000216_30fps,12,-0.00044404187595008357,-0.0004783754589427018,-3.433358299261821e-05,INTER_VIDEO_INDEPENDENCE_UNRESOLVED
C1,realtime_fast,bytetrack_raw,DetA,VIDEO,Pigs291119_000225_30fps,12,-0.00044404187595008357,-0.00034404392709108667,9.99979488589969e-05,INTER_VIDEO_INDEPENDENCE_UNRESOLVED
C1,realtime_fast,bytetrack_raw,DetA,VIDEO,Pigs291119_000226_30fps,12,-0.00044404187595008357,-0.0005055244313612872,-6.148255541120365e-05,INTER_VIDEO_INDEPENDENCE_UNRESOLVED
C1,realtime_fast,bytetrack_raw,DetA,VIDEO,Pigs291119_000231_30fps,12,-0.00044404187595008357,-0.0006939311382376245,-0.00024988926228754096,INTER_VIDEO_INDEPENDENCE_UNRESOLVED
C1,realtime_fast,bytetrack_raw,DetA,VIDEO,Pigs291119_000233_30fps,12,-0.00044404187595008357,0.0001280280465012588,0.0005720699224513423,INTER_VIDEO_INDEPENDENCE_UNRESOLVED
C1,realtime_fast,bytetrack_raw,DetA,VIDEO,Pigs291119_000263_30fps,12,-0.00044404187595008357,0.0003289700691143464,0.00077301194506443,INTER_VIDEO_INDEPENDENCE_UNRESOLVED
C1,realtime_fast,bytetrack_raw,DetA,VIDEO,Pigs291119_000302_30fps,12,-0.00044404187595008357,-0.0006012203367686911,-0.00015717846081860756,INTER_VIDEO_INDEPENDENCE_UNRESOLVED
C1,realtime_fast,bytetrack_raw,DetA,VIDEO,Pigs301119_000327_30fps,12,-0.00044404187595008357,0.00023081593063294567,0.0006748578065830293,INTER_VIDEO_INDEPENDENCE_UNRESOLVED
C1,realtime_fast,bytetrack_raw,DetA,VIDEO,Pigs301119_000328_30fps,12,-0.00044404187595008357,-0.001381027162926855,-0.0009369852869767713,INTER_VIDEO_INDEPENDENCE_UNRESOLVED
C1,realtime_fast,bytetrack_raw,DetA,VIDEO,Pigs301119_000329_30fps,12,-0.00044404187595008357,-0.0010559715251162727,-0.0006119296491661891,INTER_VIDEO_INDEPENDENCE_UNRESOLVED
C1,realtime_fast,bytetrack_raw,DetA,VIDEO,Pigs301119_000330_30fps,12,-0.00044404187595008357,-0.0006948357670176116,-0.00025079389106752805,INTER_VIDEO_INDEPENDENCE_UNRESOLVED
C1,realtime_fast,bytetrack_raw,AssA,VIDEO,Pigs281119_000085_30fps,12,0.07439617047474001,0.08077538276939814,0.0063792122946581264,INTER_VIDEO_INDEPENDENCE_UNRESOLVED
C1,realtime_fast,bytetrack_raw,AssA,VIDEO,Pigs281119_000114_30fps,12,0.07439617047474001,0.06472017208650997,-0.009675998388230037,INTER_VIDEO_INDEPENDENCE_UNRESOLVED
C1,realtime_fast,bytetrack_raw,AssA,VIDEO,Pigs291119_000216_30fps,12,0.07439617047474001,0.08060143968217803,0.0062052692074380245,INTER_VIDEO_INDEPENDENCE_UNRESOLVED
C1,realtime_fast,bytetrack_raw,AssA,VIDEO,Pigs291119_000225_30fps,12,0.07439617047474001,0.08067045379990254,0.006274283325162527,INTER_VIDEO_INDEPENDENCE_UNRESOLVED
C1,realtime_fast,bytetrack_raw,AssA,VIDEO,Pigs291119_000226_30fps,12,0.07439617047474001,0.08056501238546616,0.0061688419107261555,INTER_VIDEO_INDEPENDENCE_UNRESOLVED
C1,realtime_fast,bytetrack_raw,AssA,VIDEO,Pigs291119_000231_30fps,12,0.07439617047474001,0.063669605291114,-0.01072656518362601,INTER_VIDEO_INDEPENDENCE_UNRESOLVED
C1,realtime_fast,bytetrack_raw,AssA,VIDEO,Pigs291119_000233_30fps,12,0.07439617047474001,0.06976476046746417,-0.004631410007275835,INTER_VIDEO_INDEPENDENCE_UNRESOLVED
C1,realtime_fast,bytetrack_raw,AssA,VIDEO,Pigs291119_000263_30fps,12,0.07439617047474001,0.07289441493625501,-0.001501755538485,INTER_VIDEO_INDEPENDENCE_UNRESOLVED
C1,realtime_fast,bytetrack_raw,AssA,VIDEO,Pigs291119_000302_30fps,12,0.07439617047474001,0.07005602486026291,-0.004340145614477098,INTER_VIDEO_INDEPENDENCE_UNRESOLVED
C1,realtime_fast,bytetrack_raw,AssA,VIDEO,Pigs301119_000327_30fps,12,0.07439617047474001,0.08006723892090817,0.005671068446168159,INTER_VIDEO_INDEPENDENCE_UNRESOLVED
C1,realtime_fast,bytetrack_raw,AssA,VIDEO,Pigs301119_000328_30fps,12,0.07439617047474001,0.07981678770291926,0.005420617228179256,INTER_VIDEO_INDEPENDENCE_UNRESOLVED
C1,realtime_fast,bytetrack_raw,AssA,VIDEO,Pigs301119_000329_30fps,12,0.07439617047474001,0.07893060271080773,0.004534432236067726,INTER_VIDEO_INDEPENDENCE_UNRESOLVED
C1,realtime_fast,bytetrack_raw,AssA,VIDEO,Pigs301119_000330_30fps,12,0.07439617047474001,0.06461832055843406,-0.009777849916305953,INTER_VIDEO_INDEPENDENCE_UNRESOLVED
C1,realtime_fast,bytetrack_raw,LocA,VIDEO,Pigs281119_000085_30fps,12,-0.0008554873534060489,-0.0008288021738029339,2.6685179603115074e-05,INTER_VIDEO_INDEPENDENCE_UNRESOLVED
C1,realtime_fast,bytetrack_raw,LocA,VIDEO,Pigs281119_000114_30fps,12,-0.0008554873534060489,-0.0008017726774303494,5.371467597569952e-05,INTER_VIDEO_INDEPENDENCE_UNRESOLVED
C1,realtime_fast,bytetrack_raw,LocA,VIDEO,Pigs291119_000216_30fps,12,-0.0008554873534060489,-0.0008579013554955254,-2.4140020894764403e-06,INTER_VIDEO_INDEPENDENCE_UNRESOLVED
C1,realtime_fast,bytetrack_raw,LocA,VIDEO,Pigs291119_000225_30fps,12,-0.0008554873534060489,-0.0008590339680204321,-3.546614614383147e-06,INTER_VIDEO_INDEPENDENCE_UNRESOLVED
C1,realtime_fast,bytetrack_raw,LocA,VIDEO,Pigs291119_000226_30fps,12,-0.0008554873534060489,-0.0009142068732785243,-5.871951987247541e-05,INTER_VIDEO_INDEPENDENCE_UNRESOLVED
C1,realtime_fast,bytetrack_raw,LocA,VIDEO,Pigs291119_000231_30fps,12,-0.0008554873534060489,-0.0008110531468987584,4.443420650729053e-05,INTER_VIDEO_INDEPENDENCE_UNRESOLVED
C1,realtime_fast,bytetrack_raw,LocA,VIDEO,Pigs291119_000233_30fps,12,-0.0008554873534060489,-0.001025552078647333,-0.00017006472524128417,INTER_VIDEO_INDEPENDENCE_UNRESOLVED
C1,realtime_fast,bytetrack_raw,LocA,VIDEO,Pigs291119_000263_30fps,12,-0.0008554873534060489,-0.000701018956694092,0.00015446839671195696,INTER_VIDEO_INDEPENDENCE_UNRESOLVED
C1,realtime_fast,bytetrack_raw,LocA,VIDEO,Pigs291119_000302_30fps,12,-0.0008554873534060489,-0.0008859960959256008,-3.0508742519551866e-05,INTER_VIDEO_INDEPENDENCE_UNRESOLVED
C1,realtime_fast,bytetrack_raw,LocA,VIDEO,Pigs301119_000327_30fps,12,-0.0008554873534060489,-0.0006216086391925557,0.00023387871421349322,INTER_VIDEO_INDEPENDENCE_UNRESOLVED
C1,realtime_fast,bytetrack_raw,LocA,VIDEO,Pigs301119_000328_30fps,12,-0.0008554873534060489,-0.000958740447416386,-0.00010325309401033704,INTER_VIDEO_INDEPENDENCE_UNRESOLVED
C1,realtime_fast,bytetrack_raw,LocA,VIDEO,Pigs301119_000329_30fps,12,-0.0008554873534060489,-0.0008665270980884229,-1.103974468237394e-05,INTER_VIDEO_INDEPENDENCE_UNRESOLVED
C1,realtime_fast,bytetrack_raw,LocA,VIDEO,Pigs301119_000330_30fps,12,-0.0008554873534060489,-0.0009891220833877223,-0.0001336347299816734,INTER_VIDEO_INDEPENDENCE_UNRESOLVED
C1,realtime_fast,bytetrack_raw,IDF1,VIDEO,Pigs281119_000085_30fps,12,0.05121184605369982,0.05552579618780445,0.004313950134104627,INTER_VIDEO_INDEPENDENCE_UNRESOLVED
C1,realtime_fast,bytetrack_raw,IDF1,VIDEO,Pigs281119_000114_30fps,12,0.05121184605369982,0.043309361002619264,-0.007902485051080557,INTER_VIDEO_INDEPENDENCE_UNRESOLVED
C1,realtime_fast,bytetrack_raw,IDF1,VIDEO,Pigs291119_000216_30fps,12,0.05121184605369982,0.055329036928545176,0.004117190874845356,INTER_VIDEO_INDEPENDENCE_UNRESOLVED
C1,realtime_fast,bytetrack_raw,IDF1,VIDEO,Pigs291119_000225_30fps,12,0.05121184605369982,0.05549107396558223,0.004279227911882406,INTER_VIDEO_INDEPENDENCE_UNRESOLVED
C1,realtime_fast,bytetrack_raw,IDF1,VIDEO,Pigs291119_000226_30fps,12,0.05121184605369982,0.055334823965582224,0.004122977911882403,INTER_VIDEO_INDEPENDENCE_UNRESOLVED
C1,realtime_fast,bytetrack_raw,IDF1,VIDEO,Pigs291119_000231_30fps,12,0.05121184605369982,0.04041005544706369,-0.010801790606636129,INTER_VIDEO_INDEPENDENCE_UNRESOLVED
C1,realtime_fast,bytetrack_raw,IDF1,VIDEO,Pigs291119_000233_30fps,12,0.05121184605369982,0.04969907407407403,-0.0015127719796257932,INTER_VIDEO_INDEPENDENCE_UNRESOLVED
C1,realtime_fast,bytetrack_raw,IDF1,VIDEO,Pigs291119_000263_30fps,12,0.05121184605369982,0.051440148039656304,0.00022830198595648332,INTER_VIDEO_INDEPENDENCE_UNRESOLVED
C1,realtime_fast,bytetrack_raw,IDF1,VIDEO,Pigs291119_000302_30fps,12,0.05121184605369982,0.04896329618780445,-0.0022485498658953718,INTER_VIDEO_INDEPENDENCE_UNRESOLVED
C1,realtime_fast,bytetrack_raw,IDF1,VIDEO,Pigs301119_000327_30fps,12,0.05121184605369982,0.05546792581743406,0.0042560797637342385,INTER_VIDEO_INDEPENDENCE_UNRESOLVED
C1,realtime_fast,bytetrack_raw,IDF1,VIDEO,Pigs301119_000328_30fps,12,0.05121184605369982,0.05458250915076741,0.003370663097067586,INTER_VIDEO_INDEPENDENCE_UNRESOLVED
C1,realtime_fast,bytetrack_raw,IDF1,VIDEO,Pigs301119_000329_30fps,12,0.05121184605369982,0.05450727766928592,0.0032954316155860974,INTER_VIDEO_INDEPENDENCE_UNRESOLVED
C1,realtime_fast,bytetrack_raw,IDF1,VIDEO,Pigs301119_000330_30fps,12,0.05121184605369982,0.045693620261878516,-0.005518225791821305,INTER_VIDEO_INDEPENDENCE_UNRESOLVED
C1,realtime_fast,bytetrack_raw,IDSW_STANDARD,VIDEO,Pigs281119_000085_30fps,12,-4.230769230769231,-4.583333333333333,-0.3525641025641022,INTER_VIDEO_INDEPENDENCE_UNRESOLVED
C1,realtime_fast,bytetrack_raw,IDSW_STANDARD,VIDEO,Pigs281119_000114_30fps,12,-4.230769230769231,-4.25,-0.019230769230769162,INTER_VIDEO_INDEPENDENCE_UNRESOLVED
C1,realtime_fast,bytetrack_raw,IDSW_STANDARD,VIDEO,Pigs291119_000216_30fps,12,-4.230769230769231,-4.25,-0.019230769230769162,INTER_VIDEO_INDEPENDENCE_UNRESOLVED
C1,realtime_fast,bytetrack_raw,IDSW_STANDARD,VIDEO,Pigs291119_000225_30fps,12,-4.230769230769231,-4.583333333333333,-0.3525641025641022,INTER_VIDEO_INDEPENDENCE_UNRESOLVED
C1,realtime_fast,bytetrack_raw,IDSW_STANDARD,VIDEO,Pigs291119_000226_30fps,12,-4.230769230769231,-4.416666666666667,-0.18589743589743613,INTER_VIDEO_INDEPENDENCE_UNRESOLVED
C1,realtime_fast,bytetrack_raw,IDSW_STANDARD,VIDEO,Pigs291119_000231_30fps,12,-4.230769230769231,-2.8333333333333335,1.3974358974358974,INTER_VIDEO_INDEPENDENCE_UNRESOLVED
C1,realtime_fast,bytetrack_raw,IDSW_STANDARD,VIDEO,Pigs291119_000233_30fps,12,-4.230769230769231,-3.75,0.48076923076923084,INTER_VIDEO_INDEPENDENCE_UNRESOLVED
C1,realtime_fast,bytetrack_raw,IDSW_STANDARD,VIDEO,Pigs291119_000263_30fps,12,-4.230769230769231,-4.75,-0.5192307692307692,INTER_VIDEO_INDEPENDENCE_UNRESOLVED
C1,realtime_fast,bytetrack_raw,IDSW_STANDARD,VIDEO,Pigs291119_000302_30fps,12,-4.230769230769231,-4.416666666666667,-0.18589743589743613,INTER_VIDEO_INDEPENDENCE_UNRESOLVED
C1,realtime_fast,bytetrack_raw,IDSW_STANDARD,VIDEO,Pigs301119_000327_30fps,12,-4.230769230769231,-4.25,-0.019230769230769162,INTER_VIDEO_INDEPENDENCE_UNRESOLVED
C1,realtime_fast,bytetrack_raw,IDSW_STANDARD,VIDEO,Pigs301119_000328_30fps,12,-4.230769230769231,-4.25,-0.019230769230769162,INTER_VIDEO_INDEPENDENCE_UNRESOLVED
C1,realtime_fast,bytetrack_raw,IDSW_STANDARD,VIDEO,Pigs301119_000329_30fps,12,-4.230769230769231,-4.416666666666667,-0.18589743589743613,INTER_VIDEO_INDEPENDENCE_UNRESOLVED
C1,realtime_fast,bytetrack_raw,IDSW_STANDARD,VIDEO,Pigs301119_000330_30fps,12,-4.230769230769231,-4.25,-0.019230769230769162,INTER_VIDEO_INDEPENDENCE_UNRESOLVED
C1,realtime_fast,bytetrack_raw,wrong_identity_frames,VIDEO,Pigs281119_000085_30fps,12,-1534.8461538461538,-1662.0,-127.15384615384619,INTER_VIDEO_INDEPENDENCE_UNRESOLVED
C1,realtime_fast,bytetrack_raw,wrong_identity_frames,VIDEO,Pigs281119_000114_30fps,12,-1534.8461538461538,-1331.25,203.5961538461538,INTER_VIDEO_INDEPENDENCE_UNRESOLVED
C1,realtime_fast,bytetrack_raw,wrong_identity_frames,VIDEO,Pigs291119_000216_30fps,12,-1534.8461538461538,-1661.0,-126.15384615384619,INTER_VIDEO_INDEPENDENCE_UNRESOLVED
C1,realtime_fast,bytetrack_raw,wrong_identity_frames,VIDEO,Pigs291119_000225_30fps,12,-1534.8461538461538,-1662.75,-127.90384615384619,INTER_VIDEO_INDEPENDENCE_UNRESOLVED
C1,realtime_fast,bytetrack_raw,wrong_identity_frames,VIDEO,Pigs291119_000226_30fps,12,-1534.8461538461538,-1660.9166666666667,-126.07051282051293,INTER_VIDEO_INDEPENDENCE_UNRESOLVED
C1,realtime_fast,bytetrack_raw,wrong_identity_frames,VIDEO,Pigs291119_000231_30fps,12,-1534.8461538461538,-1474.25,60.59615384615381,INTER_VIDEO_INDEPENDENCE_UNRESOLVED
C1,realtime_fast,bytetrack_raw,wrong_identity_frames,VIDEO,Pigs291119_000233_30fps,12,-1534.8461538461538,-1562.75,-27.90384615384619,INTER_VIDEO_INDEPENDENCE_UNRESOLVED
C1,realtime_fast,bytetrack_raw,wrong_identity_frames,VIDEO,Pigs291119_000263_30fps,12,-1534.8461538461538,-1433.1666666666667,101.67948717948707,INTER_VIDEO_INDEPENDENCE_UNRESOLVED
C1,realtime_fast,bytetrack_raw,wrong_identity_frames,VIDEO,Pigs291119_000302_30fps,12,-1534.8461538461538,-1456.9166666666667,77.92948717948707,INTER_VIDEO_INDEPENDENCE_UNRESOLVED
C1,realtime_fast,bytetrack_raw,wrong_identity_frames,VIDEO,Pigs301119_000327_30fps,12,-1534.8461538461538,-1411.3333333333333,123.51282051282055,INTER_VIDEO_INDEPENDENCE_UNRESOLVED
C1,realtime_fast,bytetrack_raw,wrong_identity_frames,VIDEO,Pigs301119_000328_30fps,12,-1534.8461538461538,-1650.0833333333333,-115.23717948717945,INTER_VIDEO_INDEPENDENCE_UNRESOLVED
C1,realtime_fast,bytetrack_raw,wrong_identity_frames,VIDEO,Pigs301119_000329_30fps,12,-1534.8461538461538,-1648.75,-113.90384615384619,INTER_VIDEO_INDEPENDENCE_UNRESOLVED
C1,realtime_fast,bytetrack_raw,wrong_identity_frames,VIDEO,Pigs301119_000330_30fps,12,-1534.8461538461538,-1337.8333333333333,197.01282051282055,INTER_VIDEO_INDEPENDENCE_UNRESOLVED
C1,realtime_fast,bytetrack_raw,wrong_identity_seconds,VIDEO,Pigs281119_000085_30fps,12,-51.16153846153654,-55.39999999999792,-4.2384615384613795,INTER_VIDEO_INDEPENDENCE_UNRESOLVED
C1,realtime_fast,bytetrack_raw,wrong_identity_seconds,VIDEO,Pigs281119_000114_30fps,12,-51.16153846153654,-44.37499999999833,6.786538461538207,INTER_VIDEO_INDEPENDENCE_UNRESOLVED
C1,realtime_fast,bytetrack_raw,wrong_identity_seconds,VIDEO,Pigs291119_000216_30fps,12,-51.16153846153654,-55.366666666664585,-4.205128205128048,INTER_VIDEO_INDEPENDENCE_UNRESOLVED
C1,realtime_fast,bytetrack_raw,wrong_identity_seconds,VIDEO,Pigs291119_000225_30fps,12,-51.16153846153654,-55.424999999997915,-4.263461538461378,INTER_VIDEO_INDEPENDENCE_UNRESOLVED
C1,realtime_fast,bytetrack_raw,wrong_identity_seconds,VIDEO,Pigs291119_000226_30fps,12,-51.16153846153654,-55.363888888886805,-4.202350427350268,INTER_VIDEO_INDEPENDENCE_UNRESOLVED
C1,realtime_fast,bytetrack_raw,wrong_identity_seconds,VIDEO,Pigs291119_000231_30fps,12,-51.16153846153654,-49.14166666666494,2.019871794871598,INTER_VIDEO_INDEPENDENCE_UNRESOLVED
C1,realtime_fast,bytetrack_raw,wrong_identity_seconds,VIDEO,Pigs291119_000233_30fps,12,-51.16153846153654,-52.09166666666477,-0.9301282051282342,INTER_VIDEO_INDEPENDENCE_UNRESOLVED
C1,realtime_fast,bytetrack_raw,wrong_identity_seconds,VIDEO,Pigs291119_000263_30fps,12,-51.16153846153654,-47.77222222222038,3.389316239316159,INTER_VIDEO_INDEPENDENCE_UNRESOLVED
C1,realtime_fast,bytetrack_raw,wrong_identity_seconds,VIDEO,Pigs291119_000302_30fps,12,-51.16153846153654,-48.563888888886986,2.5976495726495514,INTER_VIDEO_INDEPENDENCE_UNRESOLVED
C1,realtime_fast,bytetrack_raw,wrong_identity_seconds,VIDEO,Pigs301119_000327_30fps,12,-51.16153846153654,-47.04444444444267,4.117094017093869,INTER_VIDEO_INDEPENDENCE_UNRESOLVED
C1,realtime_fast,bytetrack_raw,wrong_identity_seconds,VIDEO,Pigs301119_000328_30fps,12,-51.16153846153654,-55.0027777777757,-3.841239316239161,INTER_VIDEO_INDEPENDENCE_UNRESOLVED
C1,realtime_fast,bytetrack_raw,wrong_identity_seconds,VIDEO,Pigs301119_000329_30fps,12,-51.16153846153654,-54.958333333331254,-3.7967948717947166,INTER_VIDEO_INDEPENDENCE_UNRESOLVED
C1,realtime_fast,bytetrack_raw,wrong_identity_seconds,VIDEO,Pigs301119_000330_30fps,12,-51.16153846153654,-44.59444444444276,6.56709401709378,INTER_VIDEO_INDEPENDENCE_UNRESOLVED
C1,realtime_fast,bytetrack_raw,terminal_identity_episodes,VIDEO,Pigs281119_000085_30fps,12,-1.1538461538461537,-1.25,-0.09615384615384626,INTER_VIDEO_INDEPENDENCE_UNRESOLVED
C1,realtime_fast,bytetrack_raw,terminal_identity_episodes,VIDEO,Pigs281119_000114_30fps,12,-1.1538461538461537,-1.0,0.15384615384615374,INTER_VIDEO_INDEPENDENCE_UNRESOLVED
C1,realtime_fast,bytetrack_raw,terminal_identity_episodes,VIDEO,Pigs291119_000216_30fps,12,-1.1538461538461537,-1.25,-0.09615384615384626,INTER_VIDEO_INDEPENDENCE_UNRESOLVED
C1,realtime_fast,bytetrack_raw,terminal_identity_episodes,VIDEO,Pigs291119_000225_30fps,12,-1.1538461538461537,-1.25,-0.09615384615384626,INTER_VIDEO_INDEPENDENCE_UNRESOLVED
C1,realtime_fast,bytetrack_raw,terminal_identity_episodes,VIDEO,Pigs291119_000226_30fps,12,-1.1538461538461537,-1.25,-0.09615384615384626,INTER_VIDEO_INDEPENDENCE_UNRESOLVED
C1,realtime_fast,bytetrack_raw,terminal_identity_episodes,VIDEO,Pigs291119_000231_30fps,12,-1.1538461538461537,-1.1666666666666667,-0.012820512820512997,INTER_VIDEO_INDEPENDENCE_UNRESOLVED
C1,realtime_fast,bytetrack_raw,terminal_identity_episodes,VIDEO,Pigs291119_000233_30fps,12,-1.1538461538461537,-1.0833333333333333,0.07051282051282048,INTER_VIDEO_INDEPENDENCE_UNRESOLVED
C1,realtime_fast,bytetrack_raw,terminal_identity_episodes,VIDEO,Pigs291119_000263_30fps,12,-1.1538461538461537,-1.0833333333333333,0.07051282051282048,INTER_VIDEO_INDEPENDENCE_UNRESOLVED
C1,realtime_fast,bytetrack_raw,terminal_identity_episodes,VIDEO,Pigs291119_000302_30fps,12,-1.1538461538461537,-1.0833333333333333,0.07051282051282048,INTER_VIDEO_INDEPENDENCE_UNRESOLVED
C1,realtime_fast,bytetrack_raw,terminal_identity_episodes,VIDEO,Pigs301119_000327_30fps,12,-1.1538461538461537,-1.25,-0.09615384615384626,INTER_VIDEO_INDEPENDENCE_UNRESOLVED
C1,realtime_fast,bytetrack_raw,terminal_identity_episodes,VIDEO,Pigs301119_000328_30fps,12,-1.1538461538461537,-1.25,-0.09615384615384626,INTER_VIDEO_INDEPENDENCE_UNRESOLVED
C1,realtime_fast,bytetrack_raw,terminal_identity_episodes,VIDEO,Pigs301119_000329_30fps,12,-1.1538461538461537,-1.0833333333333333,0.07051282051282048,INTER_VIDEO_INDEPENDENCE_UNRESOLVED
C1,realtime_fast,bytetrack_raw,terminal_identity_episodes,VIDEO,Pigs301119_000330_30fps,12,-1.1538461538461537,-1.0,0.15384615384615374,INTER_VIDEO_INDEPENDENCE_UNRESOLVED
C1,realtime_fast,bytetrack_raw,fragments,VIDEO,Pigs281119_000085_30fps,12,-2.6153846153846154,-2.75,-0.13461538461538458,INTER_VIDEO_INDEPENDENCE_UNRESOLVED
C1,realtime_fast,bytetrack_raw,fragments,VIDEO,Pigs281119_000114_30fps,12,-2.6153846153846154,-3.0,-0.3846153846153846,INTER_VIDEO_INDEPENDENCE_UNRESOLVED
C1,realtime_fast,bytetrack_raw,fragments,VIDEO,Pigs291119_000216_30fps,12,-2.6153846153846154,-2.0833333333333335,0.5320512820512819,INTER_VIDEO_INDEPENDENCE_UNRESOLVED
C1,realtime_fast,bytetrack_raw,fragments,VIDEO,Pigs291119_000225_30fps,12,-2.6153846153846154,-2.9166666666666665,-0.3012820512820511,INTER_VIDEO_INDEPENDENCE_UNRESOLVED
C1,realtime_fast,bytetrack_raw,fragments,VIDEO,Pigs291119_000226_30fps,12,-2.6153846153846154,-2.6666666666666665,-0.0512820512820511,INTER_VIDEO_INDEPENDENCE_UNRESOLVED
C1,realtime_fast,bytetrack_raw,fragments,VIDEO,Pigs291119_000231_30fps,12,-2.6153846153846154,-2.0833333333333335,0.5320512820512819,INTER_VIDEO_INDEPENDENCE_UNRESOLVED
C1,realtime_fast,bytetrack_raw,fragments,VIDEO,Pigs291119_000233_30fps,12,-2.6153846153846154,-2.5,0.11538461538461542,INTER_VIDEO_INDEPENDENCE_UNRESOLVED
C1,realtime_fast,bytetrack_raw,fragments,VIDEO,Pigs291119_000263_30fps,12,-2.6153846153846154,-2.8333333333333335,-0.21794871794871806,INTER_VIDEO_INDEPENDENCE_UNRESOLVED
C1,realtime_fast,bytetrack_raw,fragments,VIDEO,Pigs291119_000302_30fps,12,-2.6153846153846154,-2.5,0.11538461538461542,INTER_VIDEO_INDEPENDENCE_UNRESOLVED
C1,realtime_fast,bytetrack_raw,fragments,VIDEO,Pigs301119_000327_30fps,12,-2.6153846153846154,-2.75,-0.13461538461538458,INTER_VIDEO_INDEPENDENCE_UNRESOLVED
C1,realtime_fast,bytetrack_raw,fragments,VIDEO,Pigs301119_000328_30fps,12,-2.6153846153846154,-2.4166666666666665,0.1987179487179489,INTER_VIDEO_INDEPENDENCE_UNRESOLVED
C1,realtime_fast,bytetrack_raw,fragments,VIDEO,Pigs301119_000329_30fps,12,-2.6153846153846154,-2.6666666666666665,-0.0512820512820511,INTER_VIDEO_INDEPENDENCE_UNRESOLVED
C1,realtime_fast,bytetrack_raw,fragments,VIDEO,Pigs301119_000330_30fps,12,-2.6153846153846154,-2.8333333333333335,-0.21794871794871806,INTER_VIDEO_INDEPENDENCE_UNRESOLVED
C2,hybrid_bytetrack,realtime_fast,HOTA,VIDEO,Pigs281119_000085_30fps,12,0.01276120949234334,0.012969392691423998,0.00020818319908065715,INTER_VIDEO_INDEPENDENCE_UNRESOLVED
C2,hybrid_bytetrack,realtime_fast,HOTA,VIDEO,Pigs281119_000114_30fps,12,0.01276120949234334,0.01767871486491614,0.0049175053725728,INTER_VIDEO_INDEPENDENCE_UNRESOLVED
C2,hybrid_bytetrack,realtime_fast,HOTA,VIDEO,Pigs291119_000216_30fps,12,0.01276120949234334,0.013038325467282008,0.00027711597493866764,INTER_VIDEO_INDEPENDENCE_UNRESOLVED
C2,hybrid_bytetrack,realtime_fast,HOTA,VIDEO,Pigs291119_000225_30fps,12,0.01276120949234334,0.016410699394007595,0.0036494899016642542,INTER_VIDEO_INDEPENDENCE_UNRESOLVED
C2,hybrid_bytetrack,realtime_fast,HOTA,VIDEO,Pigs291119_000226_30fps,12,0.01276120949234334,0.013870276714884241,0.0011090672225409007,INTER_VIDEO_INDEPENDENCE_UNRESOLVED
C2,hybrid_bytetrack,realtime_fast,HOTA,VIDEO,Pigs291119_000231_30fps,12,0.01276120949234334,0.0012616970946585,-0.01149951239768484,INTER_VIDEO_INDEPENDENCE_UNRESOLVED
C2,hybrid_bytetrack,realtime_fast,HOTA,VIDEO,Pigs291119_000233_30fps,12,0.01276120949234334,0.005763482442789319,-0.006997727049554021,INTER_VIDEO_INDEPENDENCE_UNRESOLVED
C2,hybrid_bytetrack,realtime_fast,HOTA,VIDEO,Pigs291119_000263_30fps,12,0.01276120949234334,0.012211132046619666,-0.0005500774457236745,INTER_VIDEO_INDEPENDENCE_UNRESOLVED
C2,hybrid_bytetrack,realtime_fast,HOTA,VIDEO,Pigs291119_000302_30fps,12,0.01276120949234334,0.014002023035748499,0.001240813543405158,INTER_VIDEO_INDEPENDENCE_UNRESOLVED
C2,hybrid_bytetrack,realtime_fast,HOTA,VIDEO,Pigs301119_000327_30fps,12,0.01276120949234334,0.014853190002302766,0.0020919805099594256,INTER_VIDEO_INDEPENDENCE_UNRESOLVED
C2,hybrid_bytetrack,realtime_fast,HOTA,VIDEO,Pigs301119_000328_30fps,12,0.01276120949234334,0.013225803085672441,0.0004645935933291004,INTER_VIDEO_INDEPENDENCE_UNRESOLVED
C2,hybrid_bytetrack,realtime_fast,HOTA,VIDEO,Pigs301119_000329_30fps,12,0.01276120949234334,0.014478551135281357,0.001717341642938016,INTER_VIDEO_INDEPENDENCE_UNRESOLVED
C2,hybrid_bytetrack,realtime_fast,HOTA,VIDEO,Pigs301119_000330_30fps,12,0.01276120949234334,0.0161324354248769,0.003371225932533561,INTER_VIDEO_INDEPENDENCE_UNRESOLVED
C2,hybrid_bytetrack,realtime_fast,DetA,VIDEO,Pigs281119_000085_30fps,12,-0.007675351977063551,-0.009165261762863725,-0.0014899097858001734,INTER_VIDEO_INDEPENDENCE_UNRESOLVED
C2,hybrid_bytetrack,realtime_fast,DetA,VIDEO,Pigs281119_000114_30fps,12,-0.007675351977063551,-0.004257291094508148,0.0034180608825554034,INTER_VIDEO_INDEPENDENCE_UNRESOLVED
C2,hybrid_bytetrack,realtime_fast,DetA,VIDEO,Pigs291119_000216_30fps,12,-0.007675351977063551,-0.0069699242077848516,0.0007054277692786996,INTER_VIDEO_INDEPENDENCE_UNRESOLVED
C2,hybrid_bytetrack,realtime_fast,DetA,VIDEO,Pigs291119_000225_30fps,12,-0.007675351977063551,-0.005442340061169458,0.0022330119158940932,INTER_VIDEO_INDEPENDENCE_UNRESOLVED
C2,hybrid_bytetrack,realtime_fast,DetA,VIDEO,Pigs291119_000226_30fps,12,-0.007675351977063551,-0.008174798071304288,-0.0004994460942407365,INTER_VIDEO_INDEPENDENCE_UNRESOLVED
C2,hybrid_bytetrack,realtime_fast,DetA,VIDEO,Pigs291119_000231_30fps,12,-0.007675351977063551,-0.009485563979803519,-0.0018102120027399674,INTER_VIDEO_INDEPENDENCE_UNRESOLVED
C2,hybrid_bytetrack,realtime_fast,DetA,VIDEO,Pigs291119_000233_30fps,12,-0.007675351977063551,-0.010104711880582882,-0.0024293599035193304,INTER_VIDEO_INDEPENDENCE_UNRESOLVED
C2,hybrid_bytetrack,realtime_fast,DetA,VIDEO,Pigs291119_000263_30fps,12,-0.007675351977063551,-0.009825856206033268,-0.0021505042289697166,INTER_VIDEO_INDEPENDENCE_UNRESOLVED
C2,hybrid_bytetrack,realtime_fast,DetA,VIDEO,Pigs291119_000302_30fps,12,-0.007675351977063551,-0.008093636911915511,-0.00041828493485196027,INTER_VIDEO_INDEPENDENCE_UNRESOLVED
C2,hybrid_bytetrack,realtime_fast,DetA,VIDEO,Pigs301119_000327_30fps,12,-0.007675351977063551,-0.006133162476193166,0.0015421895008703853,INTER_VIDEO_INDEPENDENCE_UNRESOLVED
C2,hybrid_bytetrack,realtime_fast,DetA,VIDEO,Pigs301119_000328_30fps,12,-0.007675351977063551,-0.008962882852683865,-0.0012875308756203135,INTER_VIDEO_INDEPENDENCE_UNRESOLVED
C2,hybrid_bytetrack,realtime_fast,DetA,VIDEO,Pigs301119_000329_30fps,12,-0.007675351977063551,-0.007479297096033362,0.0001960548810301891,INTER_VIDEO_INDEPENDENCE_UNRESOLVED
C2,hybrid_bytetrack,realtime_fast,DetA,VIDEO,Pigs301119_000330_30fps,12,-0.007675351977063551,-0.005684849100950119,0.0019905028761134317,INTER_VIDEO_INDEPENDENCE_UNRESOLVED
C2,hybrid_bytetrack,realtime_fast,AssA,VIDEO,Pigs281119_000085_30fps,12,0.03126445787714405,0.03302000704990534,0.0017555491727612935,INTER_VIDEO_INDEPENDENCE_UNRESOLVED
C2,hybrid_bytetrack,realtime_fast,AssA,VIDEO,Pigs281119_000114_30fps,12,0.03126445787714405,0.03751684545298727,0.006252387575843225,INTER_VIDEO_INDEPENDENCE_UNRESOLVED
C2,hybrid_bytetrack,realtime_fast,AssA,VIDEO,Pigs291119_000216_30fps,12,0.03126445787714405,0.030971737102981473,-0.0002927207741625741,INTER_VIDEO_INDEPENDENCE_UNRESOLVED
C2,hybrid_bytetrack,realtime_fast,AssA,VIDEO,Pigs291119_000225_30fps,12,0.03126445787714405,0.03609126885331998,0.004826810976175933,INTER_VIDEO_INDEPENDENCE_UNRESOLVED
C2,hybrid_bytetrack,realtime_fast,AssA,VIDEO,Pigs291119_000226_30fps,12,0.03126445787714405,0.0338345860088738,0.00257012813172975,INTER_VIDEO_INDEPENDENCE_UNRESOLVED
C2,hybrid_bytetrack,realtime_fast,AssA,VIDEO,Pigs291119_000231_30fps,12,0.03126445787714405,0.011555412216292157,-0.01970904566085189,INTER_VIDEO_INDEPENDENCE_UNRESOLVED
C2,hybrid_bytetrack,realtime_fast,AssA,VIDEO,Pigs291119_000233_30fps,12,0.03126445787714405,0.02002361469381157,-0.011240843183332478,INTER_VIDEO_INDEPENDENCE_UNRESOLVED
C2,hybrid_bytetrack,realtime_fast,AssA,VIDEO,Pigs291119_000263_30fps,12,0.03126445787714405,0.032150521286256374,0.0008860634091123268,INTER_VIDEO_INDEPENDENCE_UNRESOLVED
C2,hybrid_bytetrack,realtime_fast,AssA,VIDEO,Pigs291119_000302_30fps,12,0.03126445787714405,0.03399665598439066,0.0027321981072466126,INTER_VIDEO_INDEPENDENCE_UNRESOLVED
C2,hybrid_bytetrack,realtime_fast,AssA,VIDEO,Pigs301119_000327_30fps,12,0.03126445787714405,0.03375391415032367,0.0024894562731796258,INTER_VIDEO_INDEPENDENCE_UNRESOLVED
C2,hybrid_bytetrack,realtime_fast,AssA,VIDEO,Pigs301119_000328_30fps,12,0.03126445787714405,0.03334259477305532,0.00207813689591127,INTER_VIDEO_INDEPENDENCE_UNRESOLVED
C2,hybrid_bytetrack,realtime_fast,AssA,VIDEO,Pigs301119_000329_30fps,12,0.03126445787714405,0.03433855212404014,0.0030740942468960933,INTER_VIDEO_INDEPENDENCE_UNRESOLVED
C2,hybrid_bytetrack,realtime_fast,AssA,VIDEO,Pigs301119_000330_30fps,12,0.03126445787714405,0.03584224270663486,0.004577784829490811,INTER_VIDEO_INDEPENDENCE_UNRESOLVED
C2,hybrid_bytetrack,realtime_fast,LocA,VIDEO,Pigs281119_000085_30fps,12,0.009711494875126826,0.009414892773176522,-0.0002966021019503041,INTER_VIDEO_INDEPENDENCE_UNRESOLVED
C2,hybrid_bytetrack,realtime_fast,LocA,VIDEO,Pigs281119_000114_30fps,12,0.009711494875126826,0.011031370507197621,0.0013198756320707949,INTER_VIDEO_INDEPENDENCE_UNRESOLVED
C2,hybrid_bytetrack,realtime_fast,LocA,VIDEO,Pigs291119_000216_30fps,12,0.009711494875126826,0.008162214013336147,-0.0015492808617906789,INTER_VIDEO_INDEPENDENCE_UNRESOLVED
C2,hybrid_bytetrack,realtime_fast,LocA,VIDEO,Pigs291119_000225_30fps,12,0.009711494875126826,0.01170009007888472,0.0019885952037578935,INTER_VIDEO_INDEPENDENCE_UNRESOLVED
C2,hybrid_bytetrack,realtime_fast,LocA,VIDEO,Pigs291119_000226_30fps,12,0.009711494875126826,0.010092955643882332,0.00038146076875550557,INTER_VIDEO_INDEPENDENCE_UNRESOLVED
C2,hybrid_bytetrack,realtime_fast,LocA,VIDEO,Pigs291119_000231_30fps,12,0.009711494875126826,0.0072682979943055614,-0.002443196880821265,INTER_VIDEO_INDEPENDENCE_UNRESOLVED
C2,hybrid_bytetrack,realtime_fast,LocA,VIDEO,Pigs291119_000233_30fps,12,0.009711494875126826,0.008175741619341629,-0.0015357532557851977,INTER_VIDEO_INDEPENDENCE_UNRESOLVED
C2,hybrid_bytetrack,realtime_fast,LocA,VIDEO,Pigs291119_000263_30fps,12,0.009711494875126826,0.00929168020268135,-0.00041981467244547703,INTER_VIDEO_INDEPENDENCE_UNRESOLVED
C2,hybrid_bytetrack,realtime_fast,LocA,VIDEO,Pigs291119_000302_30fps,12,0.009711494875126826,0.010284842082238546,0.0005733472071117202,INTER_VIDEO_INDEPENDENCE_UNRESOLVED
C2,hybrid_bytetrack,realtime_fast,LocA,VIDEO,Pigs301119_000327_30fps,12,0.009711494875126826,0.010635400280728615,0.0009239054056017892,INTER_VIDEO_INDEPENDENCE_UNRESOLVED
C2,hybrid_bytetrack,realtime_fast,LocA,VIDEO,Pigs301119_000328_30fps,12,0.009711494875126826,0.00959871701780369,-0.00011277785732313576,INTER_VIDEO_INDEPENDENCE_UNRESOLVED
C2,hybrid_bytetrack,realtime_fast,LocA,VIDEO,Pigs301119_000329_30fps,12,0.009711494875126826,0.010237337596237498,0.0005258427211106715,INTER_VIDEO_INDEPENDENCE_UNRESOLVED
C2,hybrid_bytetrack,realtime_fast,LocA,VIDEO,Pigs301119_000330_30fps,12,0.009711494875126826,0.010355893566834501,0.0006443986917076747,INTER_VIDEO_INDEPENDENCE_UNRESOLVED
C2,hybrid_bytetrack,realtime_fast,IDF1,VIDEO,Pigs281119_000085_30fps,12,0.01964285480100099,0.021146657515899215,0.001503802714898226,INTER_VIDEO_INDEPENDENCE_UNRESOLVED
C2,hybrid_bytetrack,realtime_fast,IDF1,VIDEO,Pigs281119_000114_30fps,12,0.01964285480100099,0.022309851960343647,0.002666997159342658,INTER_VIDEO_INDEPENDENCE_UNRESOLVED
C2,hybrid_bytetrack,realtime_fast,IDF1,VIDEO,Pigs291119_000216_30fps,12,0.01964285480100099,0.02110614825663996,0.001463293455638972,INTER_VIDEO_INDEPENDENCE_UNRESOLVED
C2,hybrid_bytetrack,realtime_fast,IDF1,VIDEO,Pigs291119_000225_30fps,12,0.01964285480100099,0.021968416775158473,0.002325561974157484,INTER_VIDEO_INDEPENDENCE_UNRESOLVED
C2,hybrid_bytetrack,realtime_fast,IDF1,VIDEO,Pigs291119_000226_30fps,12,0.01964285480100099,0.02133762973812144,0.0016947749371204503,INTER_VIDEO_INDEPENDENCE_UNRESOLVED
C2,hybrid_bytetrack,realtime_fast,IDF1,VIDEO,Pigs291119_000231_30fps,12,0.01964285480100099,0.008403601960343685,-0.011239252840657304,INTER_VIDEO_INDEPENDENCE_UNRESOLVED
C2,hybrid_bytetrack,realtime_fast,IDF1,VIDEO,Pigs291119_000233_30fps,12,0.01964285480100099,0.011059027777777786,-0.008583827023223203,INTER_VIDEO_INDEPENDENCE_UNRESOLVED
C2,hybrid_bytetrack,realtime_fast,IDF1,VIDEO,Pigs291119_000263_30fps,12,0.01964285480100099,0.021065638997380686,0.001422784196379697,INTER_VIDEO_INDEPENDENCE_UNRESOLVED
C2,hybrid_bytetrack,realtime_fast,IDF1,VIDEO,Pigs291119_000302_30fps,12,0.01964285480100099,0.0215980464047881,0.0019551916037871125,INTER_VIDEO_INDEPENDENCE_UNRESOLVED
C2,hybrid_bytetrack,realtime_fast,IDF1,VIDEO,Pigs301119_000327_30fps,12,0.01964285480100099,0.020330685293676987,0.0006878304926759976,INTER_VIDEO_INDEPENDENCE_UNRESOLVED
C2,hybrid_bytetrack,realtime_fast,IDF1,VIDEO,Pigs301119_000328_30fps,12,0.01964285480100099,0.021667490849232574,0.002024636048231585,INTER_VIDEO_INDEPENDENCE_UNRESOLVED
C2,hybrid_bytetrack,realtime_fast,IDF1,VIDEO,Pigs301119_000329_30fps,12,0.01964285480100099,0.021505453812195513,0.001862599011194524,INTER_VIDEO_INDEPENDENCE_UNRESOLVED
C2,hybrid_bytetrack,realtime_fast,IDF1,VIDEO,Pigs301119_000330_30fps,12,0.01964285480100099,0.02185846307145477,0.0022156082704537818,INTER_VIDEO_INDEPENDENCE_UNRESOLVED
C2,hybrid_bytetrack,realtime_fast,IDSW_STANDARD,VIDEO,Pigs281119_000085_30fps,12,-2.230769230769231,-2.25,-0.019230769230769162,INTER_VIDEO_INDEPENDENCE_UNRESOLVED
C2,hybrid_bytetrack,realtime_fast,IDSW_STANDARD,VIDEO,Pigs281119_000114_30fps,12,-2.230769230769231,-2.4166666666666665,-0.18589743589743568,INTER_VIDEO_INDEPENDENCE_UNRESOLVED
C2,hybrid_bytetrack,realtime_fast,IDSW_STANDARD,VIDEO,Pigs291119_000216_30fps,12,-2.230769230769231,-2.25,-0.019230769230769162,INTER_VIDEO_INDEPENDENCE_UNRESOLVED
C2,hybrid_bytetrack,realtime_fast,IDSW_STANDARD,VIDEO,Pigs291119_000225_30fps,12,-2.230769230769231,-2.4166666666666665,-0.18589743589743568,INTER_VIDEO_INDEPENDENCE_UNRESOLVED
C2,hybrid_bytetrack,realtime_fast,IDSW_STANDARD,VIDEO,Pigs291119_000226_30fps,12,-2.230769230769231,-2.25,-0.019230769230769162,INTER_VIDEO_INDEPENDENCE_UNRESOLVED
C2,hybrid_bytetrack,realtime_fast,IDSW_STANDARD,VIDEO,Pigs291119_000231_30fps,12,-2.230769230769231,-1.75,0.48076923076923084,INTER_VIDEO_INDEPENDENCE_UNRESOLVED
C2,hybrid_bytetrack,realtime_fast,IDSW_STANDARD,VIDEO,Pigs291119_000233_30fps,12,-2.230769230769231,-1.6666666666666667,0.5641025641025641,INTER_VIDEO_INDEPENDENCE_UNRESOLVED
C2,hybrid_bytetrack,realtime_fast,IDSW_STANDARD,VIDEO,Pigs291119_000263_30fps,12,-2.230769230769231,-2.0833333333333335,0.14743589743589736,INTER_VIDEO_INDEPENDENCE_UNRESOLVED
C2,hybrid_bytetrack,realtime_fast,IDSW_STANDARD,VIDEO,Pigs291119_000302_30fps,12,-2.230769230769231,-2.4166666666666665,-0.18589743589743568,INTER_VIDEO_INDEPENDENCE_UNRESOLVED
C2,hybrid_bytetrack,realtime_fast,IDSW_STANDARD,VIDEO,Pigs301119_000327_30fps,12,-2.230769230769231,-2.25,-0.019230769230769162,INTER_VIDEO_INDEPENDENCE_UNRESOLVED
C2,hybrid_bytetrack,realtime_fast,IDSW_STANDARD,VIDEO,Pigs301119_000328_30fps,12,-2.230769230769231,-2.4166666666666665,-0.18589743589743568,INTER_VIDEO_INDEPENDENCE_UNRESOLVED
C2,hybrid_bytetrack,realtime_fast,IDSW_STANDARD,VIDEO,Pigs301119_000329_30fps,12,-2.230769230769231,-2.4166666666666665,-0.18589743589743568,INTER_VIDEO_INDEPENDENCE_UNRESOLVED
C2,hybrid_bytetrack,realtime_fast,IDSW_STANDARD,VIDEO,Pigs301119_000330_30fps,12,-2.230769230769231,-2.4166666666666665,-0.18589743589743568,INTER_VIDEO_INDEPENDENCE_UNRESOLVED
C2,hybrid_bytetrack,realtime_fast,wrong_identity_frames,VIDEO,Pigs281119_000085_30fps,12,-913.0,-699.6666666666666,213.33333333333337,INTER_VIDEO_INDEPENDENCE_UNRESOLVED
C2,hybrid_bytetrack,realtime_fast,wrong_identity_frames,VIDEO,Pigs281119_000114_30fps,12,-913.0,-989.0833333333334,-76.08333333333337,INTER_VIDEO_INDEPENDENCE_UNRESOLVED
C2,hybrid_bytetrack,realtime_fast,wrong_identity_frames,VIDEO,Pigs291119_000216_30fps,12,-913.0,-717.6666666666666,195.33333333333337,INTER_VIDEO_INDEPENDENCE_UNRESOLVED
C2,hybrid_bytetrack,realtime_fast,wrong_identity_frames,VIDEO,Pigs291119_000225_30fps,12,-913.0,-989.0833333333334,-76.08333333333337,INTER_VIDEO_INDEPENDENCE_UNRESOLVED
C2,hybrid_bytetrack,realtime_fast,wrong_identity_frames,VIDEO,Pigs291119_000226_30fps,12,-913.0,-988.9166666666666,-75.91666666666663,INTER_VIDEO_INDEPENDENCE_UNRESOLVED
C2,hybrid_bytetrack,realtime_fast,wrong_identity_frames,VIDEO,Pigs291119_000231_30fps,12,-913.0,-733.1666666666666,179.83333333333337,INTER_VIDEO_INDEPENDENCE_UNRESOLVED
C2,hybrid_bytetrack,realtime_fast,wrong_identity_frames,VIDEO,Pigs291119_000233_30fps,12,-913.0,-852.0,61.0,INTER_VIDEO_INDEPENDENCE_UNRESOLVED
C2,hybrid_bytetrack,realtime_fast,wrong_identity_frames,VIDEO,Pigs291119_000263_30fps,12,-913.0,-978.4166666666666,-65.41666666666663,INTER_VIDEO_INDEPENDENCE_UNRESOLVED
C2,hybrid_bytetrack,realtime_fast,wrong_identity_frames,VIDEO,Pigs291119_000302_30fps,12,-913.0,-989.0833333333334,-76.08333333333337,INTER_VIDEO_INDEPENDENCE_UNRESOLVED
C2,hybrid_bytetrack,realtime_fast,wrong_identity_frames,VIDEO,Pigs301119_000327_30fps,12,-913.0,-964.6666666666666,-51.66666666666663,INTER_VIDEO_INDEPENDENCE_UNRESOLVED
C2,hybrid_bytetrack,realtime_fast,wrong_identity_frames,VIDEO,Pigs301119_000328_30fps,12,-913.0,-989.0833333333334,-76.08333333333337,INTER_VIDEO_INDEPENDENCE_UNRESOLVED
C2,hybrid_bytetrack,realtime_fast,wrong_identity_frames,VIDEO,Pigs301119_000329_30fps,12,-913.0,-989.0833333333334,-76.08333333333337,INTER_VIDEO_INDEPENDENCE_UNRESOLVED
C2,hybrid_bytetrack,realtime_fast,wrong_identity_frames,VIDEO,Pigs301119_000330_30fps,12,-913.0,-989.0833333333334,-76.08333333333337,INTER_VIDEO_INDEPENDENCE_UNRESOLVED
C2,hybrid_bytetrack,realtime_fast,wrong_identity_seconds,VIDEO,Pigs281119_000085_30fps,12,-30.433333333332452,-23.3222222222216,7.111111111110851,INTER_VIDEO_INDEPENDENCE_UNRESOLVED
C2,hybrid_bytetrack,realtime_fast,wrong_identity_seconds,VIDEO,Pigs281119_000114_30fps,12,-30.433333333332452,-32.96944444444349,-2.536111111111037,INTER_VIDEO_INDEPENDENCE_UNRESOLVED
C2,hybrid_bytetrack,realtime_fast,wrong_identity_seconds,VIDEO,Pigs291119_000216_30fps,12,-30.433333333332452,-23.922222222221567,6.5111111111108855,INTER_VIDEO_INDEPENDENCE_UNRESOLVED
C2,hybrid_bytetrack,realtime_fast,wrong_identity_seconds,VIDEO,Pigs291119_000225_30fps,12,-30.433333333332452,-32.96944444444349,-2.536111111111037,INTER_VIDEO_INDEPENDENCE_UNRESOLVED
C2,hybrid_bytetrack,realtime_fast,wrong_identity_seconds,VIDEO,Pigs291119_000226_30fps,12,-30.433333333332452,-32.963888888887936,-2.530555555555484,INTER_VIDEO_INDEPENDENCE_UNRESOLVED
C2,hybrid_bytetrack,realtime_fast,wrong_identity_seconds,VIDEO,Pigs291119_000231_30fps,12,-30.433333333332452,-24.438888888888204,5.994444444444248,INTER_VIDEO_INDEPENDENCE_UNRESOLVED
C2,hybrid_bytetrack,realtime_fast,wrong_identity_seconds,VIDEO,Pigs291119_000233_30fps,12,-30.433333333332452,-28.399999999999093,2.03333333333336,INTER_VIDEO_INDEPENDENCE_UNRESOLVED
C2,hybrid_bytetrack,realtime_fast,wrong_identity_seconds,VIDEO,Pigs291119_000263_30fps,12,-30.433333333332452,-32.613888888887935,-2.1805555555554825,INTER_VIDEO_INDEPENDENCE_UNRESOLVED
C2,hybrid_bytetrack,realtime_fast,wrong_identity_seconds,VIDEO,Pigs291119_000302_30fps,12,-30.433333333332452,-32.96944444444349,-2.536111111111037,INTER_VIDEO_INDEPENDENCE_UNRESOLVED
C2,hybrid_bytetrack,realtime_fast,wrong_identity_seconds,VIDEO,Pigs301119_000327_30fps,12,-30.433333333332452,-32.1555555555546,-1.7222222222221468,INTER_VIDEO_INDEPENDENCE_UNRESOLVED
C2,hybrid_bytetrack,realtime_fast,wrong_identity_seconds,VIDEO,Pigs301119_000328_30fps,12,-30.433333333332452,-32.96944444444349,-2.536111111111037,INTER_VIDEO_INDEPENDENCE_UNRESOLVED
C2,hybrid_bytetrack,realtime_fast,wrong_identity_seconds,VIDEO,Pigs301119_000329_30fps,12,-30.433333333332452,-32.96944444444349,-2.536111111111037,INTER_VIDEO_INDEPENDENCE_UNRESOLVED
C2,hybrid_bytetrack,realtime_fast,wrong_identity_seconds,VIDEO,Pigs301119_000330_30fps,12,-30.433333333332452,-32.96944444444349,-2.536111111111037,INTER_VIDEO_INDEPENDENCE_UNRESOLVED
C2,hybrid_bytetrack,realtime_fast,terminal_identity_episodes,VIDEO,Pigs281119_000085_30fps,12,-0.9230769230769231,-0.8333333333333334,0.08974358974358976,INTER_VIDEO_INDEPENDENCE_UNRESOLVED
C2,hybrid_bytetrack,realtime_fast,terminal_identity_episodes,VIDEO,Pigs281119_000114_30fps,12,-0.9230769230769231,-1.0,-0.07692307692307687,INTER_VIDEO_INDEPENDENCE_UNRESOLVED
C2,hybrid_bytetrack,realtime_fast,terminal_identity_episodes,VIDEO,Pigs291119_000216_30fps,12,-0.9230769230769231,-0.8333333333333334,0.08974358974358976,INTER_VIDEO_INDEPENDENCE_UNRESOLVED
C2,hybrid_bytetrack,realtime_fast,terminal_identity_episodes,VIDEO,Pigs291119_000225_30fps,12,-0.9230769230769231,-1.0,-0.07692307692307687,INTER_VIDEO_INDEPENDENCE_UNRESOLVED
C2,hybrid_bytetrack,realtime_fast,terminal_identity_episodes,VIDEO,Pigs291119_000226_30fps,12,-0.9230769230769231,-1.0,-0.07692307692307687,INTER_VIDEO_INDEPENDENCE_UNRESOLVED
C2,hybrid_bytetrack,realtime_fast,terminal_identity_episodes,VIDEO,Pigs291119_000231_30fps,12,-0.9230769230769231,-0.6666666666666666,0.2564102564102565,INTER_VIDEO_INDEPENDENCE_UNRESOLVED
C2,hybrid_bytetrack,realtime_fast,terminal_identity_episodes,VIDEO,Pigs291119_000233_30fps,12,-0.9230769230769231,-0.8333333333333334,0.08974358974358976,INTER_VIDEO_INDEPENDENCE_UNRESOLVED
C2,hybrid_bytetrack,realtime_fast,terminal_identity_episodes,VIDEO,Pigs291119_000263_30fps,12,-0.9230769230769231,-1.0,-0.07692307692307687,INTER_VIDEO_INDEPENDENCE_UNRESOLVED
C2,hybrid_bytetrack,realtime_fast,terminal_identity_episodes,VIDEO,Pigs291119_000302_30fps,12,-0.9230769230769231,-1.0,-0.07692307692307687,INTER_VIDEO_INDEPENDENCE_UNRESOLVED
C2,hybrid_bytetrack,realtime_fast,terminal_identity_episodes,VIDEO,Pigs301119_000327_30fps,12,-0.9230769230769231,-0.8333333333333334,0.08974358974358976,INTER_VIDEO_INDEPENDENCE_UNRESOLVED
C2,hybrid_bytetrack,realtime_fast,terminal_identity_episodes,VIDEO,Pigs301119_000328_30fps,12,-0.9230769230769231,-1.0,-0.07692307692307687,INTER_VIDEO_INDEPENDENCE_UNRESOLVED
C2,hybrid_bytetrack,realtime_fast,terminal_identity_episodes,VIDEO,Pigs301119_000329_30fps,12,-0.9230769230769231,-1.0,-0.07692307692307687,INTER_VIDEO_INDEPENDENCE_UNRESOLVED
C2,hybrid_bytetrack,realtime_fast,terminal_identity_episodes,VIDEO,Pigs301119_000330_30fps,12,-0.9230769230769231,-1.0,-0.07692307692307687,INTER_VIDEO_INDEPENDENCE_UNRESOLVED
C2,hybrid_bytetrack,realtime_fast,fragments,VIDEO,Pigs281119_000085_30fps,12,24.46153846153846,25.583333333333332,1.1217948717948723,INTER_VIDEO_INDEPENDENCE_UNRESOLVED
C2,hybrid_bytetrack,realtime_fast,fragments,VIDEO,Pigs281119_000114_30fps,12,24.46153846153846,22.0,-2.46153846153846,INTER_VIDEO_INDEPENDENCE_UNRESOLVED
C2,hybrid_bytetrack,realtime_fast,fragments,VIDEO,Pigs291119_000216_30fps,12,24.46153846153846,21.833333333333332,-2.6282051282051277,INTER_VIDEO_INDEPENDENCE_UNRESOLVED
C2,hybrid_bytetrack,realtime_fast,fragments,VIDEO,Pigs291119_000225_30fps,12,24.46153846153846,24.166666666666668,-0.29487179487179205,INTER_VIDEO_INDEPENDENCE_UNRESOLVED
C2,hybrid_bytetrack,realtime_fast,fragments,VIDEO,Pigs291119_000226_30fps,12,24.46153846153846,25.416666666666668,0.955128205128208,INTER_VIDEO_INDEPENDENCE_UNRESOLVED
C2,hybrid_bytetrack,realtime_fast,fragments,VIDEO,Pigs291119_000231_30fps,12,24.46153846153846,22.583333333333332,-1.8782051282051277,INTER_VIDEO_INDEPENDENCE_UNRESOLVED
C2,hybrid_bytetrack,realtime_fast,fragments,VIDEO,Pigs291119_000233_30fps,12,24.46153846153846,25.5,1.03846153846154,INTER_VIDEO_INDEPENDENCE_UNRESOLVED
C2,hybrid_bytetrack,realtime_fast,fragments,VIDEO,Pigs291119_000263_30fps,12,24.46153846153846,26.0,1.53846153846154,INTER_VIDEO_INDEPENDENCE_UNRESOLVED
C2,hybrid_bytetrack,realtime_fast,fragments,VIDEO,Pigs291119_000302_30fps,12,24.46153846153846,26.333333333333332,1.8717948717948723,INTER_VIDEO_INDEPENDENCE_UNRESOLVED
C2,hybrid_bytetrack,realtime_fast,fragments,VIDEO,Pigs301119_000327_30fps,12,24.46153846153846,23.583333333333332,-0.8782051282051277,INTER_VIDEO_INDEPENDENCE_UNRESOLVED
C2,hybrid_bytetrack,realtime_fast,fragments,VIDEO,Pigs301119_000328_30fps,12,24.46153846153846,25.75,1.28846153846154,INTER_VIDEO_INDEPENDENCE_UNRESOLVED
C2,hybrid_bytetrack,realtime_fast,fragments,VIDEO,Pigs301119_000329_30fps,12,24.46153846153846,25.0,0.5384615384615401,INTER_VIDEO_INDEPENDENCE_UNRESOLVED
C2,hybrid_bytetrack,realtime_fast,fragments,VIDEO,Pigs301119_000330_30fps,12,24.46153846153846,24.25,-0.2115384615384599,INTER_VIDEO_INDEPENDENCE_UNRESOLVED
C3,rf_hybrid,realtime_fast,HOTA,VIDEO,Pigs281119_000085_30fps,12,-0.010728606496916222,-0.011746933345429506,-0.001018326848513284,INTER_VIDEO_INDEPENDENCE_UNRESOLVED
C3,rf_hybrid,realtime_fast,HOTA,VIDEO,Pigs281119_000114_30fps,12,-0.010728606496916222,-0.011657674157498124,-0.0009290676605819021,INTER_VIDEO_INDEPENDENCE_UNRESOLVED
C3,rf_hybrid,realtime_fast,HOTA,VIDEO,Pigs291119_000216_30fps,12,-0.010728606496916222,-0.011693118764244928,-0.0009645122673287067,INTER_VIDEO_INDEPENDENCE_UNRESOLVED
C3,rf_hybrid,realtime_fast,HOTA,VIDEO,Pigs291119_000225_30fps,12,-0.010728606496916222,-0.01165602416755429,-0.0009274176706380692,INTER_VIDEO_INDEPENDENCE_UNRESOLVED
C3,rf_hybrid,realtime_fast,HOTA,VIDEO,Pigs291119_000226_30fps,12,-0.010728606496916222,-0.011688150996478621,-0.0009595444995623998,INTER_VIDEO_INDEPENDENCE_UNRESOLVED
C3,rf_hybrid,realtime_fast,HOTA,VIDEO,Pigs291119_000231_30fps,12,-0.010728606496916222,-0.011832675938424658,-0.0011040694415084366,INTER_VIDEO_INDEPENDENCE_UNRESOLVED
C3,rf_hybrid,realtime_fast,HOTA,VIDEO,Pigs291119_000233_30fps,12,-0.010728606496916222,-0.004545733145863966,0.006182873351052256,INTER_VIDEO_INDEPENDENCE_UNRESOLVED
C3,rf_hybrid,realtime_fast,HOTA,VIDEO,Pigs291119_000263_30fps,12,-0.010728606496916222,-0.006412168292134618,0.004316438204781604,INTER_VIDEO_INDEPENDENCE_UNRESOLVED
C3,rf_hybrid,realtime_fast,HOTA,VIDEO,Pigs291119_000302_30fps,12,-0.010728606496916222,-0.011642784995295743,-0.0009141784983795215,INTER_VIDEO_INDEPENDENCE_UNRESOLVED
C3,rf_hybrid,realtime_fast,HOTA,VIDEO,Pigs301119_000327_30fps,12,-0.010728606496916222,-0.011651244038451533,-0.0009226375415353118,INTER_VIDEO_INDEPENDENCE_UNRESOLVED
C3,rf_hybrid,realtime_fast,HOTA,VIDEO,Pigs301119_000328_30fps,12,-0.010728606496916222,-0.011663293376512665,-0.0009346868795964431,INTER_VIDEO_INDEPENDENCE_UNRESOLVED
C3,rf_hybrid,realtime_fast,HOTA,VIDEO,Pigs301119_000329_30fps,12,-0.010728606496916222,-0.011648019440087837,-0.0009194129431716151,INTER_VIDEO_INDEPENDENCE_UNRESOLVED
C3,rf_hybrid,realtime_fast,HOTA,VIDEO,Pigs301119_000330_30fps,12,-0.010728606496916222,-0.011634063801934389,-0.0009054573050181671,INTER_VIDEO_INDEPENDENCE_UNRESOLVED
C3,rf_hybrid,realtime_fast,DetA,VIDEO,Pigs281119_000085_30fps,12,0.0017075064706866688,0.00172168109138221,1.4174620695541233e-05,INTER_VIDEO_INDEPENDENCE_UNRESOLVED
C3,rf_hybrid,realtime_fast,DetA,VIDEO,Pigs281119_000114_30fps,12,0.0017075064706866688,0.0018144089491202258,0.00010690247843355696,INTER_VIDEO_INDEPENDENCE_UNRESOLVED
C3,rf_hybrid,realtime_fast,DetA,VIDEO,Pigs291119_000216_30fps,12,0.0017075064706866688,0.0017933698377693246,8.586336708265576e-05,INTER_VIDEO_INDEPENDENCE_UNRESOLVED
C3,rf_hybrid,realtime_fast,DetA,VIDEO,Pigs291119_000225_30fps,12,0.0017075064706866688,0.0018137391625685784,0.00010623269188190956,INTER_VIDEO_INDEPENDENCE_UNRESOLVED
C3,rf_hybrid,realtime_fast,DetA,VIDEO,Pigs291119_000226_30fps,12,0.0017075064706866688,0.0017816262725064331,7.411980181976432e-05,INTER_VIDEO_INDEPENDENCE_UNRESOLVED
C3,rf_hybrid,realtime_fast,DetA,VIDEO,Pigs291119_000231_30fps,12,0.0017075064706866688,0.0015754261389533768,-0.000132080331733292,INTER_VIDEO_INDEPENDENCE_UNRESOLVED
C3,rf_hybrid,realtime_fast,DetA,VIDEO,Pigs291119_000233_30fps,12,0.0017075064706866688,0.0014372387912437539,-0.00027026767944291494,INTER_VIDEO_INDEPENDENCE_UNRESOLVED
C3,rf_hybrid,realtime_fast,DetA,VIDEO,Pigs291119_000263_30fps,12,0.0017075064706866688,0.001145444655637697,-0.0005620618150489719,INTER_VIDEO_INDEPENDENCE_UNRESOLVED
C3,rf_hybrid,realtime_fast,DetA,VIDEO,Pigs291119_000302_30fps,12,0.0017075064706866688,0.00182801954209529,0.00012051307140862125,INTER_VIDEO_INDEPENDENCE_UNRESOLVED
C3,rf_hybrid,realtime_fast,DetA,VIDEO,Pigs301119_000327_30fps,12,0.0017075064706866688,0.001819112106652467,0.00011160563596579812,INTER_VIDEO_INDEPENDENCE_UNRESOLVED
C3,rf_hybrid,realtime_fast,DetA,VIDEO,Pigs301119_000328_30fps,12,0.0017075064706866688,0.0018046322059415882,9.712573525491944e-05,INTER_VIDEO_INDEPENDENCE_UNRESOLVED
C3,rf_hybrid,realtime_fast,DetA,VIDEO,Pigs301119_000329_30fps,12,0.0017075064706866688,0.0018247275866911012,0.00011722111600443244,INTER_VIDEO_INDEPENDENCE_UNRESOLVED
C3,rf_hybrid,realtime_fast,DetA,VIDEO,Pigs301119_000330_30fps,12,0.0017075064706866688,0.0018381577783646481,0.0001306513076779793,INTER_VIDEO_INDEPENDENCE_UNRESOLVED
C3,rf_hybrid,realtime_fast,AssA,VIDEO,Pigs281119_000085_30fps,12,-0.020965830740043264,-0.022833418925043748,-0.0018675881850004836,INTER_VIDEO_INDEPENDENCE_UNRESOLVED
C3,rf_hybrid,realtime_fast,AssA,VIDEO,Pigs281119_000114_30fps,12,-0.020965830740043264,-0.02274764056261988,-0.0017818098225766167,INTER_VIDEO_INDEPENDENCE_UNRESOLVED
C3,rf_hybrid,realtime_fast,AssA,VIDEO,Pigs291119_000216_30fps,12,-0.020965830740043264,-0.022797124917522737,-0.0018312941774794728,INTER_VIDEO_INDEPENDENCE_UNRESOLVED
C3,rf_hybrid,realtime_fast,AssA,VIDEO,Pigs291119_000225_30fps,12,-0.020965830740043264,-0.022741160034126656,-0.0017753292940833922,INTER_VIDEO_INDEPENDENCE_UNRESOLVED
C3,rf_hybrid,realtime_fast,AssA,VIDEO,Pigs291119_000226_30fps,12,-0.020965830740043264,-0.02277554634893945,-0.0018097156088961869,INTER_VIDEO_INDEPENDENCE_UNRESOLVED
C3,rf_hybrid,realtime_fast,AssA,VIDEO,Pigs291119_000231_30fps,12,-0.020965830740043264,-0.022861343840349258,-0.0018955131003059941,INTER_VIDEO_INDEPENDENCE_UNRESOLVED
C3,rf_hybrid,realtime_fast,AssA,VIDEO,Pigs291119_000233_30fps,12,-0.020965830740043264,-0.010080567362816798,0.010885263377226466,INTER_VIDEO_INDEPENDENCE_UNRESOLVED
C3,rf_hybrid,realtime_fast,AssA,VIDEO,Pigs291119_000263_30fps,12,-0.020965830740043264,-0.012036124762506734,0.00892970597753653,INTER_VIDEO_INDEPENDENCE_UNRESOLVED
C3,rf_hybrid,realtime_fast,AssA,VIDEO,Pigs291119_000302_30fps,12,-0.020965830740043264,-0.022731446695189284,-0.0017656159551460195,INTER_VIDEO_INDEPENDENCE_UNRESOLVED
C3,rf_hybrid,realtime_fast,AssA,VIDEO,Pigs301119_000327_30fps,12,-0.020965830740043264,-0.022739505501479462,-0.0017736747614361982,INTER_VIDEO_INDEPENDENCE_UNRESOLVED
C3,rf_hybrid,realtime_fast,AssA,VIDEO,Pigs301119_000328_30fps,12,-0.020965830740043264,-0.022749062340503768,-0.001783231600460504,INTER_VIDEO_INDEPENDENCE_UNRESOLVED
C3,rf_hybrid,realtime_fast,AssA,VIDEO,Pigs301119_000329_30fps,12,-0.020965830740043264,-0.022738689271312045,-0.0017728585312687811,INTER_VIDEO_INDEPENDENCE_UNRESOLVED
C3,rf_hybrid,realtime_fast,AssA,VIDEO,Pigs301119_000330_30fps,12,-0.020965830740043264,-0.0227241690581526,-0.0017583383181093357,INTER_VIDEO_INDEPENDENCE_UNRESOLVED
C3,rf_hybrid,realtime_fast,LocA,VIDEO,Pigs281119_000085_30fps,12,0.0002801751792763395,0.0003101826866070134,3.0007507330673917e-05,INTER_VIDEO_INDEPENDENCE_UNRESOLVED
C3,rf_hybrid,realtime_fast,LocA,VIDEO,Pigs281119_000114_30fps,12,0.0002801751792763395,0.0002973857145881313,1.721053531179178e-05,INTER_VIDEO_INDEPENDENCE_UNRESOLVED
C3,rf_hybrid,realtime_fast,LocA,VIDEO,Pigs291119_000216_30fps,12,0.0002801751792763395,0.000291934085831308,1.1758906554968469e-05,INTER_VIDEO_INDEPENDENCE_UNRESOLVED
C3,rf_hybrid,realtime_fast,LocA,VIDEO,Pigs291119_000225_30fps,12,0.0002801751792763395,0.0002912559587784173,1.1080779502077804e-05,INTER_VIDEO_INDEPENDENCE_UNRESOLVED
C3,rf_hybrid,realtime_fast,LocA,VIDEO,Pigs291119_000226_30fps,12,0.0002801751792763395,0.0002915902222019688,1.1415042925629277e-05,INTER_VIDEO_INDEPENDENCE_UNRESOLVED
C3,rf_hybrid,realtime_fast,LocA,VIDEO,Pigs291119_000231_30fps,12,0.0002801751792763395,0.00021391410207446948,-6.626107720187003e-05,INTER_VIDEO_INDEPENDENCE_UNRESOLVED
C3,rf_hybrid,realtime_fast,LocA,VIDEO,Pigs291119_000233_30fps,12,0.0002801751792763395,0.0002593605821348636,-2.0814597141475882e-05,INTER_VIDEO_INDEPENDENCE_UNRESOLVED
C3,rf_hybrid,realtime_fast,LocA,VIDEO,Pigs291119_000263_30fps,12,0.0002801751792763395,0.00020321284511563378,-7.696233416070572e-05,INTER_VIDEO_INDEPENDENCE_UNRESOLVED
C3,rf_hybrid,realtime_fast,LocA,VIDEO,Pigs291119_000302_30fps,12,0.0002801751792763395,0.00029348156946760556,1.3306390191266055e-05,INTER_VIDEO_INDEPENDENCE_UNRESOLVED
C3,rf_hybrid,realtime_fast,LocA,VIDEO,Pigs301119_000327_30fps,12,0.0002801751792763395,0.00029773201512270364,1.7556835846364134e-05,INTER_VIDEO_INDEPENDENCE_UNRESOLVED
C3,rf_hybrid,realtime_fast,LocA,VIDEO,Pigs301119_000328_30fps,12,0.0002801751792763395,0.0002982010709455622,1.8025891669222688e-05,INTER_VIDEO_INDEPENDENCE_UNRESOLVED
C3,rf_hybrid,realtime_fast,LocA,VIDEO,Pigs301119_000329_30fps,12,0.0002801751792763395,0.0002951352188741337,1.496003959779418e-05,INTER_VIDEO_INDEPENDENCE_UNRESOLVED
C3,rf_hybrid,realtime_fast,LocA,VIDEO,Pigs301119_000330_30fps,12,0.0002801751792763395,0.0002988912588506032,1.8716079574263684e-05,INTER_VIDEO_INDEPENDENCE_UNRESOLVED
C3,rf_hybrid,realtime_fast,IDF1,VIDEO,Pigs281119_000085_30fps,12,-0.01404117457881926,-0.0153617354233505,-0.0013205608445312402,INTER_VIDEO_INDEPENDENCE_UNRESOLVED
C3,rf_hybrid,realtime_fast,IDF1,VIDEO,Pigs281119_000114_30fps,12,-0.01404117457881926,-0.015222846534461598,-0.0011816719556423383,INTER_VIDEO_INDEPENDENCE_UNRESOLVED
C3,rf_hybrid,realtime_fast,IDF1,VIDEO,Pigs291119_000216_30fps,12,-0.01404117457881926,-0.015286503941869006,-0.0012453293630497464,INTER_VIDEO_INDEPENDENCE_UNRESOLVED
C3,rf_hybrid,realtime_fast,IDF1,VIDEO,Pigs291119_000225_30fps,12,-0.01404117457881926,-0.015234420608535701,-0.0011932460297164414,INTER_VIDEO_INDEPENDENCE_UNRESOLVED
C3,rf_hybrid,realtime_fast,IDF1,VIDEO,Pigs291119_000226_30fps,12,-0.01404117457881926,-0.01524599468260976,-0.0012048201037904993,INTER_VIDEO_INDEPENDENCE_UNRESOLVED
C3,rf_hybrid,realtime_fast,IDF1,VIDEO,Pigs291119_000231_30fps,12,-0.01404117457881926,-0.015176550238165304,-0.001135375659346044,INTER_VIDEO_INDEPENDENCE_UNRESOLVED
C3,rf_hybrid,realtime_fast,IDF1,VIDEO,Pigs291119_000233_30fps,12,-0.01404117457881926,-0.006464120370370326,0.007577054208448934,INTER_VIDEO_INDEPENDENCE_UNRESOLVED
C3,rf_hybrid,realtime_fast,IDF1,VIDEO,Pigs291119_000263_30fps,12,-0.01404117457881926,-0.008399929867794947,0.0056412447110243125,INTER_VIDEO_INDEPENDENCE_UNRESOLVED
C3,rf_hybrid,realtime_fast,IDF1,VIDEO,Pigs291119_000302_30fps,12,-0.01404117457881926,-0.015176550238165323,-0.001135375659346063,INTER_VIDEO_INDEPENDENCE_UNRESOLVED
C3,rf_hybrid,realtime_fast,IDF1,VIDEO,Pigs301119_000327_30fps,12,-0.01404117457881926,-0.015234420608535684,-0.001193246029716424,INTER_VIDEO_INDEPENDENCE_UNRESOLVED
C3,rf_hybrid,realtime_fast,IDF1,VIDEO,Pigs301119_000328_30fps,12,-0.01404117457881926,-0.015309652090017167,-0.0012684775111979074,INTER_VIDEO_INDEPENDENCE_UNRESOLVED
C3,rf_hybrid,realtime_fast,IDF1,VIDEO,Pigs301119_000329_30fps,12,-0.01404117457881926,-0.015211272460387532,-0.0011700978815682717,INTER_VIDEO_INDEPENDENCE_UNRESOLVED
C3,rf_hybrid,realtime_fast,IDF1,VIDEO,Pigs301119_000330_30fps,12,-0.01404117457881926,-0.015211272460387532,-0.0011700978815682717,INTER_VIDEO_INDEPENDENCE_UNRESOLVED
C3,rf_hybrid,realtime_fast,IDSW_STANDARD,VIDEO,Pigs281119_000085_30fps,12,-0.8461538461538461,-0.9166666666666666,-0.07051282051282048,INTER_VIDEO_INDEPENDENCE_UNRESOLVED
C3,rf_hybrid,realtime_fast,IDSW_STANDARD,VIDEO,Pigs281119_000114_30fps,12,-0.8461538461538461,-0.9166666666666666,-0.07051282051282048,INTER_VIDEO_INDEPENDENCE_UNRESOLVED
C3,rf_hybrid,realtime_fast,IDSW_STANDARD,VIDEO,Pigs291119_000216_30fps,12,-0.8461538461538461,-0.9166666666666666,-0.07051282051282048,INTER_VIDEO_INDEPENDENCE_UNRESOLVED
C3,rf_hybrid,realtime_fast,IDSW_STANDARD,VIDEO,Pigs291119_000225_30fps,12,-0.8461538461538461,-0.9166666666666666,-0.07051282051282048,INTER_VIDEO_INDEPENDENCE_UNRESOLVED
C3,rf_hybrid,realtime_fast,IDSW_STANDARD,VIDEO,Pigs291119_000226_30fps,12,-0.8461538461538461,-0.75,0.09615384615384615,INTER_VIDEO_INDEPENDENCE_UNRESOLVED
C3,rf_hybrid,realtime_fast,IDSW_STANDARD,VIDEO,Pigs291119_000231_30fps,12,-0.8461538461538461,-0.5833333333333334,0.2628205128205128,INTER_VIDEO_INDEPENDENCE_UNRESOLVED
C3,rf_hybrid,realtime_fast,IDSW_STANDARD,VIDEO,Pigs291119_000233_30fps,12,-0.8461538461538461,-0.5,0.34615384615384615,INTER_VIDEO_INDEPENDENCE_UNRESOLVED
C3,rf_hybrid,realtime_fast,IDSW_STANDARD,VIDEO,Pigs291119_000263_30fps,12,-0.8461538461538461,-0.9166666666666666,-0.07051282051282048,INTER_VIDEO_INDEPENDENCE_UNRESOLVED
C3,rf_hybrid,realtime_fast,IDSW_STANDARD,VIDEO,Pigs291119_000302_30fps,12,-0.8461538461538461,-0.9166666666666666,-0.07051282051282048,INTER_VIDEO_INDEPENDENCE_UNRESOLVED
C3,rf_hybrid,realtime_fast,IDSW_STANDARD,VIDEO,Pigs301119_000327_30fps,12,-0.8461538461538461,-0.9166666666666666,-0.07051282051282048,INTER_VIDEO_INDEPENDENCE_UNRESOLVED
C3,rf_hybrid,realtime_fast,IDSW_STANDARD,VIDEO,Pigs301119_000328_30fps,12,-0.8461538461538461,-0.9166666666666666,-0.07051282051282048,INTER_VIDEO_INDEPENDENCE_UNRESOLVED
C3,rf_hybrid,realtime_fast,IDSW_STANDARD,VIDEO,Pigs301119_000329_30fps,12,-0.8461538461538461,-0.9166666666666666,-0.07051282051282048,INTER_VIDEO_INDEPENDENCE_UNRESOLVED
C3,rf_hybrid,realtime_fast,IDSW_STANDARD,VIDEO,Pigs301119_000330_30fps,12,-0.8461538461538461,-0.9166666666666666,-0.07051282051282048,INTER_VIDEO_INDEPENDENCE_UNRESOLVED
C3,rf_hybrid,realtime_fast,wrong_identity_frames,VIDEO,Pigs281119_000085_30fps,12,201.69230769230768,218.25,16.55769230769232,INTER_VIDEO_INDEPENDENCE_UNRESOLVED
C3,rf_hybrid,realtime_fast,wrong_identity_frames,VIDEO,Pigs281119_000114_30fps,12,201.69230769230768,218.5,16.80769230769232,INTER_VIDEO_INDEPENDENCE_UNRESOLVED
C3,rf_hybrid,realtime_fast,wrong_identity_frames,VIDEO,Pigs291119_000216_30fps,12,201.69230769230768,218.25,16.55769230769232,INTER_VIDEO_INDEPENDENCE_UNRESOLVED
C3,rf_hybrid,realtime_fast,wrong_identity_frames,VIDEO,Pigs291119_000225_30fps,12,201.69230769230768,218.5,16.80769230769232,INTER_VIDEO_INDEPENDENCE_UNRESOLVED
C3,rf_hybrid,realtime_fast,wrong_identity_frames,VIDEO,Pigs291119_000226_30fps,12,201.69230769230768,218.66666666666666,16.974358974358978,INTER_VIDEO_INDEPENDENCE_UNRESOLVED
C3,rf_hybrid,realtime_fast,wrong_identity_frames,VIDEO,Pigs291119_000231_30fps,12,201.69230769230768,227.33333333333334,25.641025641025664,INTER_VIDEO_INDEPENDENCE_UNRESOLVED
C3,rf_hybrid,realtime_fast,wrong_identity_frames,VIDEO,Pigs291119_000233_30fps,12,201.69230769230768,88.0,-113.69230769230768,INTER_VIDEO_INDEPENDENCE_UNRESOLVED
C3,rf_hybrid,realtime_fast,wrong_identity_frames,VIDEO,Pigs291119_000263_30fps,12,201.69230769230768,122.25,-79.44230769230768,INTER_VIDEO_INDEPENDENCE_UNRESOLVED
C3,rf_hybrid,realtime_fast,wrong_identity_frames,VIDEO,Pigs291119_000302_30fps,12,201.69230769230768,218.5,16.80769230769232,INTER_VIDEO_INDEPENDENCE_UNRESOLVED
C3,rf_hybrid,realtime_fast,wrong_identity_frames,VIDEO,Pigs301119_000327_30fps,12,201.69230769230768,218.25,16.55769230769232,INTER_VIDEO_INDEPENDENCE_UNRESOLVED
C3,rf_hybrid,realtime_fast,wrong_identity_frames,VIDEO,Pigs301119_000328_30fps,12,201.69230769230768,218.5,16.80769230769232,INTER_VIDEO_INDEPENDENCE_UNRESOLVED
C3,rf_hybrid,realtime_fast,wrong_identity_frames,VIDEO,Pigs301119_000329_30fps,12,201.69230769230768,218.5,16.80769230769232,INTER_VIDEO_INDEPENDENCE_UNRESOLVED
C3,rf_hybrid,realtime_fast,wrong_identity_frames,VIDEO,Pigs301119_000330_30fps,12,201.69230769230768,218.5,16.80769230769232,INTER_VIDEO_INDEPENDENCE_UNRESOLVED
C3,rf_hybrid,realtime_fast,wrong_identity_seconds,VIDEO,Pigs281119_000085_30fps,12,6.723076923076718,7.274999999999779,0.5519230769230612,INTER_VIDEO_INDEPENDENCE_UNRESOLVED
C3,rf_hybrid,realtime_fast,wrong_identity_seconds,VIDEO,Pigs281119_000114_30fps,12,6.723076923076718,7.283333333333111,0.5602564102563932,INTER_VIDEO_INDEPENDENCE_UNRESOLVED
C3,rf_hybrid,realtime_fast,wrong_identity_seconds,VIDEO,Pigs291119_000216_30fps,12,6.723076923076718,7.274999999999779,0.5519230769230612,INTER_VIDEO_INDEPENDENCE_UNRESOLVED
C3,rf_hybrid,realtime_fast,wrong_identity_seconds,VIDEO,Pigs291119_000225_30fps,12,6.723076923076718,7.283333333333111,0.5602564102563932,INTER_VIDEO_INDEPENDENCE_UNRESOLVED
C3,rf_hybrid,realtime_fast,wrong_identity_seconds,VIDEO,Pigs291119_000226_30fps,12,6.723076923076718,7.288888888888667,0.5658119658119487,INTER_VIDEO_INDEPENDENCE_UNRESOLVED
C3,rf_hybrid,realtime_fast,wrong_identity_seconds,VIDEO,Pigs291119_000231_30fps,12,6.723076923076718,7.5777777777775395,0.8547008547008215,INTER_VIDEO_INDEPENDENCE_UNRESOLVED
C3,rf_hybrid,realtime_fast,wrong_identity_seconds,VIDEO,Pigs291119_000233_30fps,12,6.723076923076718,2.9333333333333576,-3.7897435897433605,INTER_VIDEO_INDEPENDENCE_UNRESOLVED
C3,rf_hybrid,realtime_fast,wrong_identity_seconds,VIDEO,Pigs291119_000263_30fps,12,6.723076923076718,4.074999999999766,-2.6480769230769523,INTER_VIDEO_INDEPENDENCE_UNRESOLVED
C3,rf_hybrid,realtime_fast,wrong_identity_seconds,VIDEO,Pigs291119_000302_30fps,12,6.723076923076718,7.283333333333111,0.5602564102563932,INTER_VIDEO_INDEPENDENCE_UNRESOLVED
C3,rf_hybrid,realtime_fast,wrong_identity_seconds,VIDEO,Pigs301119_000327_30fps,12,6.723076923076718,7.274999999999777,0.5519230769230594,INTER_VIDEO_INDEPENDENCE_UNRESOLVED
C3,rf_hybrid,realtime_fast,wrong_identity_seconds,VIDEO,Pigs301119_000328_30fps,12,6.723076923076718,7.283333333333111,0.5602564102563932,INTER_VIDEO_INDEPENDENCE_UNRESOLVED
C3,rf_hybrid,realtime_fast,wrong_identity_seconds,VIDEO,Pigs301119_000329_30fps,12,6.723076923076718,7.283333333333111,0.5602564102563932,INTER_VIDEO_INDEPENDENCE_UNRESOLVED
C3,rf_hybrid,realtime_fast,wrong_identity_seconds,VIDEO,Pigs301119_000330_30fps,12,6.723076923076718,7.283333333333111,0.5602564102563932,INTER_VIDEO_INDEPENDENCE_UNRESOLVED
C3,rf_hybrid,realtime_fast,terminal_identity_episodes,VIDEO,Pigs281119_000085_30fps,12,0.15384615384615385,0.16666666666666666,0.012820512820512803,INTER_VIDEO_INDEPENDENCE_UNRESOLVED
C3,rf_hybrid,realtime_fast,terminal_identity_episodes,VIDEO,Pigs281119_000114_30fps,12,0.15384615384615385,0.16666666666666666,0.012820512820512803,INTER_VIDEO_INDEPENDENCE_UNRESOLVED
C3,rf_hybrid,realtime_fast,terminal_identity_episodes,VIDEO,Pigs291119_000216_30fps,12,0.15384615384615385,0.16666666666666666,0.012820512820512803,INTER_VIDEO_INDEPENDENCE_UNRESOLVED
C3,rf_hybrid,realtime_fast,terminal_identity_episodes,VIDEO,Pigs291119_000225_30fps,12,0.15384615384615385,0.16666666666666666,0.012820512820512803,INTER_VIDEO_INDEPENDENCE_UNRESOLVED
C3,rf_hybrid,realtime_fast,terminal_identity_episodes,VIDEO,Pigs291119_000226_30fps,12,0.15384615384615385,0.16666666666666666,0.012820512820512803,INTER_VIDEO_INDEPENDENCE_UNRESOLVED
C3,rf_hybrid,realtime_fast,terminal_identity_episodes,VIDEO,Pigs291119_000231_30fps,12,0.15384615384615385,0.16666666666666666,0.012820512820512803,INTER_VIDEO_INDEPENDENCE_UNRESOLVED
C3,rf_hybrid,realtime_fast,terminal_identity_episodes,VIDEO,Pigs291119_000233_30fps,12,0.15384615384615385,0.0,-0.15384615384615385,INTER_VIDEO_INDEPENDENCE_UNRESOLVED
C3,rf_hybrid,realtime_fast,terminal_identity_episodes,VIDEO,Pigs291119_000263_30fps,12,0.15384615384615385,0.16666666666666666,0.012820512820512803,INTER_VIDEO_INDEPENDENCE_UNRESOLVED
C3,rf_hybrid,realtime_fast,terminal_identity_episodes,VIDEO,Pigs291119_000302_30fps,12,0.15384615384615385,0.16666666666666666,0.012820512820512803,INTER_VIDEO_INDEPENDENCE_UNRESOLVED
C3,rf_hybrid,realtime_fast,terminal_identity_episodes,VIDEO,Pigs301119_000327_30fps,12,0.15384615384615385,0.16666666666666666,0.012820512820512803,INTER_VIDEO_INDEPENDENCE_UNRESOLVED
C3,rf_hybrid,realtime_fast,terminal_identity_episodes,VIDEO,Pigs301119_000328_30fps,12,0.15384615384615385,0.16666666666666666,0.012820512820512803,INTER_VIDEO_INDEPENDENCE_UNRESOLVED
C3,rf_hybrid,realtime_fast,terminal_identity_episodes,VIDEO,Pigs301119_000329_30fps,12,0.15384615384615385,0.16666666666666666,0.012820512820512803,INTER_VIDEO_INDEPENDENCE_UNRESOLVED
C3,rf_hybrid,realtime_fast,terminal_identity_episodes,VIDEO,Pigs301119_000330_30fps,12,0.15384615384615385,0.16666666666666666,0.012820512820512803,INTER_VIDEO_INDEPENDENCE_UNRESOLVED
C3,rf_hybrid,realtime_fast,fragments,VIDEO,Pigs281119_000085_30fps,12,-1.5384615384615385,-1.5833333333333333,-0.04487179487179471,INTER_VIDEO_INDEPENDENCE_UNRESOLVED
C3,rf_hybrid,realtime_fast,fragments,VIDEO,Pigs281119_000114_30fps,12,-1.5384615384615385,-1.5833333333333333,-0.04487179487179471,INTER_VIDEO_INDEPENDENCE_UNRESOLVED
C3,rf_hybrid,realtime_fast,fragments,VIDEO,Pigs291119_000216_30fps,12,-1.5384615384615385,-1.3333333333333333,0.2051282051282053,INTER_VIDEO_INDEPENDENCE_UNRESOLVED
C3,rf_hybrid,realtime_fast,fragments,VIDEO,Pigs291119_000225_30fps,12,-1.5384615384615385,-1.5,0.03846153846153855,INTER_VIDEO_INDEPENDENCE_UNRESOLVED
C3,rf_hybrid,realtime_fast,fragments,VIDEO,Pigs291119_000226_30fps,12,-1.5384615384615385,-1.6666666666666667,-0.1282051282051282,INTER_VIDEO_INDEPENDENCE_UNRESOLVED
C3,rf_hybrid,realtime_fast,fragments,VIDEO,Pigs291119_000231_30fps,12,-1.5384615384615385,-1.5833333333333333,-0.04487179487179471,INTER_VIDEO_INDEPENDENCE_UNRESOLVED
C3,rf_hybrid,realtime_fast,fragments,VIDEO,Pigs291119_000233_30fps,12,-1.5384615384615385,-1.0833333333333333,0.4551282051282053,INTER_VIDEO_INDEPENDENCE_UNRESOLVED
C3,rf_hybrid,realtime_fast,fragments,VIDEO,Pigs291119_000263_30fps,12,-1.5384615384615385,-1.5,0.03846153846153855,INTER_VIDEO_INDEPENDENCE_UNRESOLVED
C3,rf_hybrid,realtime_fast,fragments,VIDEO,Pigs291119_000302_30fps,12,-1.5384615384615385,-1.6666666666666667,-0.1282051282051282,INTER_VIDEO_INDEPENDENCE_UNRESOLVED
C3,rf_hybrid,realtime_fast,fragments,VIDEO,Pigs301119_000327_30fps,12,-1.5384615384615385,-1.5,0.03846153846153855,INTER_VIDEO_INDEPENDENCE_UNRESOLVED
C3,rf_hybrid,realtime_fast,fragments,VIDEO,Pigs301119_000328_30fps,12,-1.5384615384615385,-1.6666666666666667,-0.1282051282051282,INTER_VIDEO_INDEPENDENCE_UNRESOLVED
C3,rf_hybrid,realtime_fast,fragments,VIDEO,Pigs301119_000329_30fps,12,-1.5384615384615385,-1.6666666666666667,-0.1282051282051282,INTER_VIDEO_INDEPENDENCE_UNRESOLVED
C3,rf_hybrid,realtime_fast,fragments,VIDEO,Pigs301119_000330_30fps,12,-1.5384615384615385,-1.6666666666666667,-0.1282051282051282,INTER_VIDEO_INDEPENDENCE_UNRESOLVED
