comparison_id,comparison_type,candidate_method,reference_method,cluster_unit,cluster_id,metric,candidate_value,reference_value,paired_difference,improvement_oriented_difference,tie_tolerance,result
C1,CURRENT_EXECUTABLE_COMPLETE_METHOD_COMPARISON,realtime_fast,bytetrack_raw,VIDEO,Pigs281119_000085_30fps,IDF1,0.9938194444444444,0.994375,-0.0005555555555556424,-0.0005555555555556424,1e-12,LOSS
C1,CURRENT_EXECUTABLE_COMPLETE_METHOD_COMPARISON,realtime_fast,bytetrack_raw,VIDEO,Pigs281119_000114_30fps,IDF1,0.9995833333333332,0.8535416666666666,0.14604166666666651,0.14604166666666651,1e-12,WIN
C1,CURRENT_EXECUTABLE_COMPLETE_METHOD_COMPARISON,realtime_fast,bytetrack_raw,VIDEO,Pigs291119_000216_30fps,IDF1,0.9753472222222223,0.9735416666666666,0.0018055555555556158,0.0018055555555556158,1e-12,WIN
C1,CURRENT_EXECUTABLE_COMPLETE_METHOD_COMPARISON,realtime_fast,bytetrack_raw,VIDEO,Pigs291119_000225_30fps,IDF1,0.9970833333333332,0.9972222222222222,-0.00013888888888902162,-0.00013888888888902162,1e-12,LOSS
C1,CURRENT_EXECUTABLE_COMPLETE_METHOD_COMPARISON,realtime_fast,bytetrack_raw,VIDEO,Pigs291119_000226_30fps,IDF1,0.9976388888888889,0.9959027777777778,0.0017361111111110494,0.0017361111111110494,1e-12,WIN
C1,CURRENT_EXECUTABLE_COMPLETE_METHOD_COMPARISON,realtime_fast,bytetrack_raw,VIDEO,Pigs291119_000231_30fps,IDF1,0.8326388888888889,0.6518055555555555,0.1808333333333334,0.1808333333333334,1e-12,WIN
C1,CURRENT_EXECUTABLE_COMPLETE_METHOD_COMPARISON,realtime_fast,bytetrack_raw,VIDEO,Pigs291119_000233_30fps,IDF1,0.868670665364765,0.7993055555555556,0.0693651098092094,0.0693651098092094,1e-12,WIN
C1,CURRENT_EXECUTABLE_COMPLETE_METHOD_COMPARISON,realtime_fast,bytetrack_raw,VIDEO,Pigs291119_000263_30fps,IDF1,0.9940277777777776,0.9455555555555556,0.04847222222222203,0.04847222222222203,1e-12,WIN
C1,CURRENT_EXECUTABLE_COMPLETE_METHOD_COMPARISON,realtime_fast,bytetrack_raw,VIDEO,Pigs291119_000302_30fps,IDF1,0.9995833333333332,0.9213888888888888,0.07819444444444434,0.07819444444444434,1e-12,WIN
C1,CURRENT_EXECUTABLE_COMPLETE_METHOD_COMPARISON,realtime_fast,bytetrack_raw,VIDEO,Pigs301119_000327_30fps,IDF1,0.979236111111111,0.979097222222222,0.00013888888888902162,0.00013888888888902162,1e-12,WIN
C1,CURRENT_EXECUTABLE_COMPLETE_METHOD_COMPARISON,realtime_fast,bytetrack_raw,VIDEO,Pigs301119_000328_30fps,IDF1,0.9968055555555556,0.9860416666666668,0.010763888888888795,0.010763888888888795,1e-12,WIN
C1,CURRENT_EXECUTABLE_COMPLETE_METHOD_COMPARISON,realtime_fast,bytetrack_raw,VIDEO,Pigs301119_000329_30fps,IDF1,0.9999305555555555,0.9882638888888888,0.011666666666666714,0.011666666666666714,1e-12,WIN
C1,CURRENT_EXECUTABLE_COMPLETE_METHOD_COMPARISON,realtime_fast,bytetrack_raw,VIDEO,Pigs301119_000330_30fps,IDF1,0.9997916666666666,0.8823611111111112,0.11743055555555548,0.11743055555555548,1e-12,WIN
C2,DEVELOPMENT_OFFLINE_VERSUS_CAUSAL_COMPLETE_METHOD_COMPARISON,hybrid_bytetrack,realtime_fast,VIDEO,Pigs281119_000085_30fps,IDF1,0.9954166666666666,0.9938194444444444,0.0015972222222222499,0.0015972222222222499,1e-12,WIN
C2,DEVELOPMENT_OFFLINE_VERSUS_CAUSAL_COMPLETE_METHOD_COMPARISON,hybrid_bytetrack,realtime_fast,VIDEO,Pigs281119_000114_30fps,IDF1,0.9872222222222222,0.9995833333333332,-0.012361111111110934,-0.012361111111110934,1e-12,LOSS
C2,DEVELOPMENT_OFFLINE_VERSUS_CAUSAL_COMPLETE_METHOD_COMPARISON,hybrid_bytetrack,realtime_fast,VIDEO,Pigs291119_000216_30fps,IDF1,0.9774305555555556,0.9753472222222223,0.002083333333333326,0.002083333333333326,1e-12,WIN
C2,DEVELOPMENT_OFFLINE_VERSUS_CAUSAL_COMPLETE_METHOD_COMPARISON,hybrid_bytetrack,realtime_fast,VIDEO,Pigs291119_000225_30fps,IDF1,0.9888194444444444,0.9970833333333332,-0.008263888888888848,-0.008263888888888848,1e-12,LOSS
C2,DEVELOPMENT_OFFLINE_VERSUS_CAUSAL_COMPLETE_METHOD_COMPARISON,hybrid_bytetrack,realtime_fast,VIDEO,Pigs291119_000226_30fps,IDF1,0.9969444444444444,0.9976388888888889,-0.000694444444444442,-0.000694444444444442,1e-12,LOSS
C2,DEVELOPMENT_OFFLINE_VERSUS_CAUSAL_COMPLETE_METHOD_COMPARISON,hybrid_bytetrack,realtime_fast,VIDEO,Pigs291119_000231_30fps,IDF1,0.9871527777777775,0.8326388888888889,0.15451388888888862,0.15451388888888862,1e-12,WIN
C2,DEVELOPMENT_OFFLINE_VERSUS_CAUSAL_COMPLETE_METHOD_COMPARISON,hybrid_bytetrack,realtime_fast,VIDEO,Pigs291119_000233_30fps,IDF1,0.9913194444444444,0.868670665364765,0.12264877907967942,0.12264877907967942,1e-12,WIN
C2,DEVELOPMENT_OFFLINE_VERSUS_CAUSAL_COMPLETE_METHOD_COMPARISON,hybrid_bytetrack,realtime_fast,VIDEO,Pigs291119_000263_30fps,IDF1,0.9965972222222222,0.9940277777777776,0.002569444444444624,0.002569444444444624,1e-12,WIN
C2,DEVELOPMENT_OFFLINE_VERSUS_CAUSAL_COMPLETE_METHOD_COMPARISON,hybrid_bytetrack,realtime_fast,VIDEO,Pigs291119_000302_30fps,IDF1,0.9957638888888888,0.9995833333333332,-0.0038194444444443754,-0.0038194444444443754,1e-12,LOSS
C2,DEVELOPMENT_OFFLINE_VERSUS_CAUSAL_COMPLETE_METHOD_COMPARISON,hybrid_bytetrack,realtime_fast,VIDEO,Pigs301119_000327_30fps,IDF1,0.990625,0.979236111111111,0.011388888888889004,0.011388888888889004,1e-12,WIN
C2,DEVELOPMENT_OFFLINE_VERSUS_CAUSAL_COMPLETE_METHOD_COMPARISON,hybrid_bytetrack,realtime_fast,VIDEO,Pigs301119_000328_30fps,IDF1,0.9921527777777776,0.9968055555555556,-0.004652777777778061,-0.004652777777778061,1e-12,LOSS
C2,DEVELOPMENT_OFFLINE_VERSUS_CAUSAL_COMPLETE_METHOD_COMPARISON,hybrid_bytetrack,realtime_fast,VIDEO,Pigs301119_000329_30fps,IDF1,0.9972222222222222,0.9999305555555555,-0.0027083333333333126,-0.0027083333333333126,1e-12,LOSS
C2,DEVELOPMENT_OFFLINE_VERSUS_CAUSAL_COMPLETE_METHOD_COMPARISON,hybrid_bytetrack,realtime_fast,VIDEO,Pigs301119_000330_30fps,IDF1,0.9928472222222222,0.9997916666666666,-0.00694444444444442,-0.00694444444444442,1e-12,LOSS
C3,TRANSFER_ABLATION,rf_hybrid,realtime_fast,VIDEO,Pigs281119_000085_30fps,IDF1,0.995625,0.9938194444444444,0.0018055555555556158,0.0018055555555556158,1e-12,WIN
C3,TRANSFER_ABLATION,rf_hybrid,realtime_fast,VIDEO,Pigs281119_000114_30fps,IDF1,0.999722222222222,0.9995833333333332,0.00013888888888879958,0.00013888888888879958,1e-12,WIN
C3,TRANSFER_ABLATION,rf_hybrid,realtime_fast,VIDEO,Pigs291119_000216_30fps,IDF1,0.97625,0.9753472222222223,0.0009027777777776969,0.0009027777777776969,1e-12,WIN
C3,TRANSFER_ABLATION,rf_hybrid,realtime_fast,VIDEO,Pigs291119_000225_30fps,IDF1,0.9973611111111113,0.9970833333333332,0.00027777777777804324,0.00027777777777804324,1e-12,WIN
C3,TRANSFER_ABLATION,rf_hybrid,realtime_fast,VIDEO,Pigs291119_000226_30fps,IDF1,0.9980555555555556,0.9976388888888889,0.0004166666666667318,0.0004166666666667318,1e-12,WIN
C3,TRANSFER_ABLATION,rf_hybrid,realtime_fast,VIDEO,Pigs291119_000231_30fps,IDF1,0.8322222222222222,0.8326388888888889,-0.0004166666666667318,-0.0004166666666667318,1e-12,LOSS
C3,TRANSFER_ABLATION,rf_hybrid,realtime_fast,VIDEO,Pigs291119_000233_30fps,IDF1,0.7637048402845585,0.868670665364765,-0.10496582508020647,-0.10496582508020647,1e-12,LOSS
C3,TRANSFER_ABLATION,rf_hybrid,realtime_fast,VIDEO,Pigs291119_000263_30fps,IDF1,0.9122916666666666,0.9940277777777776,-0.08173611111111101,-0.08173611111111101,1e-12,LOSS
C3,TRANSFER_ABLATION,rf_hybrid,realtime_fast,VIDEO,Pigs291119_000302_30fps,IDF1,0.9991666666666666,0.9995833333333332,-0.00041666666666650976,-0.00041666666666650976,1e-12,LOSS
C3,TRANSFER_ABLATION,rf_hybrid,realtime_fast,VIDEO,Pigs301119_000327_30fps,IDF1,0.9795138888888888,0.979236111111111,0.0002777777777778212,0.0002777777777778212,1e-12,WIN
C3,TRANSFER_ABLATION,rf_hybrid,realtime_fast,VIDEO,Pigs301119_000328_30fps,IDF1,0.9979861111111112,0.9968055555555556,0.001180555555555629,0.001180555555555629,1e-12,WIN
C3,TRANSFER_ABLATION,rf_hybrid,realtime_fast,VIDEO,Pigs301119_000329_30fps,IDF1,0.9999305555555555,0.9999305555555555,0.0,0.0,1e-12,TIE
C3,TRANSFER_ABLATION,rf_hybrid,realtime_fast,VIDEO,Pigs301119_000330_30fps,IDF1,0.9997916666666666,0.9997916666666666,0.0,0.0,1e-12,TIE
