native_temporal_row_index,temporal_unit_key,behavior_true,native_predicted_behavior,native_prediction_confidence,native_metric_include,native_metric_exclusion_reason,true_label_conflict,unique_true_labels_in_unit,contributing_window_count,contributing_window_ids,prediction_aggregation_method
0,legacy_recovered|legacy_recovered_16f|pigs081119/000298|track=tracklet_00002373|pig=ID_1|legacy_sequence,sitting,explore,0.1418452113866806,True,,False,sitting,1,legacy_recovered|legacy_recovered_16f|pigs081119/000298|track=tracklet_00002373|pig=ID_1|win=6|9-14,mean_probability
1,legacy_recovered|legacy_recovered_16f|pigs081119/000301|track=tracklet_00000452|pig=ID_6|legacy_sequence,social-nose,explore,0.14002712070941925,True,,False,social-nose,1,legacy_recovered|legacy_recovered_16f|pigs081119/000301|track=tracklet_00000452|pig=ID_6|win=12|2-13,mean_probability
2,legacy_recovered|legacy_recovered_16f|pigs081119/000305|track=tracklet_00003384|pig=ID_6|legacy_sequence,move,explore,0.12872640788555145,True,,False,move,1,legacy_recovered|legacy_recovered_16f|pigs081119/000305|track=tracklet_00003384|pig=ID_6|win=8|5-12,mean_probability
3,legacy_recovered|legacy_recovered_16f|pigs081119/000337|track=tracklet_00004218|pig=ID_4|legacy_sequence,playwithtoy,explore,0.15381449460983276,True,,False,playwithtoy,1,legacy_recovered|legacy_recovered_16f|pigs081119/000337|track=tracklet_00004218|pig=ID_4|win=16|1-16,mean_probability
4,legacy_recovered|legacy_recovered_16f|pigs081119/000342|track=tracklet_00003049|pig=ID_2|legacy_sequence,eat,explore,0.12730824947357178,True,,False,eat,1,legacy_recovered|legacy_recovered_16f|pigs081119/000342|track=tracklet_00003049|pig=ID_2|win=6|3-8,mean_probability
5,legacy_recovered|legacy_recovered_16f|pigs081119/000347|track=tracklet_00000477|pig=ID_4|legacy_sequence,lying,explore,0.1388261318206787,True,,False,lying,1,legacy_recovered|legacy_recovered_16f|pigs081119/000347|track=tracklet_00000477|pig=ID_4|win=12|7-18,mean_probability
6,legacy_recovered|legacy_recovered_16f|pigs081119/000353|track=tracklet_00000387|pig=ID_4|legacy_sequence,explore,explore,0.13728414475917816,True,,False,explore,1,legacy_recovered|legacy_recovered_16f|pigs081119/000353|track=tracklet_00000387|pig=ID_4|win=6|6-11,mean_probability
7,legacy_recovered|legacy_recovered_16f|pigs081119/000355|track=tracklet_00004083|pig=ID_4|legacy_sequence,fight,explore,0.14788582921028137,True,,False,fight,1,legacy_recovered|legacy_recovered_16f|pigs081119/000355|track=tracklet_00004083|pig=ID_4|win=16|3-18,mean_probability
8,legacy_recovered|legacy_recovered_16f|pigs081119/000374|track=tracklet_00001297|pig=ID_3|legacy_sequence,drink,explore,0.13819989562034607,True,,False,drink,1,legacy_recovered|legacy_recovered_16f|pigs081119/000374|track=tracklet_00001297|pig=ID_3|win=8|0-7,mean_probability
9,legacy_recovered|legacy_recovered_16f|pigs081119/000374|track=tracklet_00001298|pig=ID_4|legacy_sequence,stand,explore,0.118669793009758,True,,False,stand,1,legacy_recovered|legacy_recovered_16f|pigs081119/000374|track=tracklet_00001298|pig=ID_4|win=8|6-13,mean_probability
