review_unit_id,linked_audit_item_ids,video_id,video_path,video_sha256,primary_method_id,prediction_path,prediction_sha256,GT_path,GT_sha256,anchor_frame,event_start_frame,event_end_frame,context_start_frame,context_end_frame,FPS,context_seconds_before,context_seconds_after,episode_id,GT_identity,predicted_identity,Hidden_status,error_category,selection_reasons,metric_contributions,review_priority,source_item_count,source_manifest_sha256
GT-AUDIT-0001,AUDIT-0037,Pigs281119_000085_30fps,C:\Users\ironh\Downloads\PIG_Behavior_Project\data\videos\Pigs281119_000085_30fps.mp4,8dc95b9263c481d0ec3eb6e2ac96d821410e6331caadc950bd859a42f846b5fb,bytetrack_raw,C:\Users\ironh\Downloads\PIG_Behavior_Project\outputs\tracking\frozen_predictions_standard_v2_20260728_retry1\B0_bytetrack_raw\predictions\Pigs281119_000085_30fps.xml,2dd250f947de3c4016c11382e72e8e24ab1c1748d65e4435e41bb3049c168812,C:\Users\ironh\Downloads\PIG_Behavior_Project\data\annotations\tracking\Pigs281119_000085_30fps.xml,3a6bc2b28dd2e4f831ef59d7543e1a523bb9cfd2415741bb91506f74709bd697,58,58,58,0,148,30.0,3,3,identity-episode-v2-093a0fc76e2d2b731788,ID_3,ID_2,NO_OR_UNKNOWN,WRONG_IDENTITY_MATCH,LONGEST_BYTETRACK_RAW_WRONG_ID_EPISODE,one wrong-ID animal-frame,NORMAL,1,bf1578d69af61b8cddc198b84b6652c582c75a43384abbc9eb8b7cb71287707d
GT-AUDIT-0002,AUDIT-0038,Pigs281119_000085_30fps,C:\Users\ironh\Downloads\PIG_Behavior_Project\data\videos\Pigs281119_000085_30fps.mp4,8dc95b9263c481d0ec3eb6e2ac96d821410e6331caadc950bd859a42f846b5fb,bytetrack_raw,C:\Users\ironh\Downloads\PIG_Behavior_Project\outputs\tracking\frozen_predictions_standard_v2_20260728_retry1\B0_bytetrack_raw\predictions\Pigs281119_000085_30fps.xml,2dd250f947de3c4016c11382e72e8e24ab1c1748d65e4435e41bb3049c168812,C:\Users\ironh\Downloads\PIG_Behavior_Project\data\annotations\tracking\Pigs281119_000085_30fps.xml,3a6bc2b28dd2e4f831ef59d7543e1a523bb9cfd2415741bb91506f74709bd697,58,58,58,0,148,30.0,3,3,identity-episode-v2-45f6f1ced14af663d91b,ID_4,ID_1,NO_OR_UNKNOWN,WRONG_IDENTITY_MATCH,LONGEST_BYTETRACK_RAW_WRONG_ID_EPISODE,one wrong-ID animal-frame,NORMAL,1,bf1578d69af61b8cddc198b84b6652c582c75a43384abbc9eb8b7cb71287707d
GT-AUDIT-0003,AUDIT-0051,Pigs281119_000085_30fps,C:\Users\ironh\Downloads\PIG_Behavior_Project\data\videos\Pigs281119_000085_30fps.mp4,8dc95b9263c481d0ec3eb6e2ac96d821410e6331caadc950bd859a42f846b5fb,bytetrack_raw,C:\Users\ironh\Downloads\PIG_Behavior_Project\outputs\tracking\frozen_predictions_standard_v2_20260728_retry1\B0_bytetrack_raw\predictions\Pigs281119_000085_30fps.xml,2dd250f947de3c4016c11382e72e8e24ab1c1748d65e4435e41bb3049c168812,C:\Users\ironh\Downloads\PIG_Behavior_Project\data\annotations\tracking\Pigs281119_000085_30fps.xml,3a6bc2b28dd2e4f831ef59d7543e1a523bb9cfd2415741bb91506f74709bd697,928,58,1799,0,1799,30.0,3,3,pairwise-swap-v2-0a3bf2bc6f9edd21697e,"('ID_3', 'ID_4')",RECIPROCAL_PAIRWISE_SWAP,MIXED_OR_UNKNOWN,PERSISTENT_PAIRWISE_SWAP,ALL_PERSISTENT_SWAPS_EVERY_ACTIVE_METHOD,one persistent pairwise swap event,NORMAL,1,bf1578d69af61b8cddc198b84b6652c582c75a43384abbc9eb8b7cb71287707d
GT-AUDIT-0004,AUDIT-0074,Pigs281119_000085_30fps,C:\Users\ironh\Downloads\PIG_Behavior_Project\data\videos\Pigs281119_000085_30fps.mp4,8dc95b9263c481d0ec3eb6e2ac96d821410e6331caadc950bd859a42f846b5fb,bytetrack_raw,C:\Users\ironh\Downloads\PIG_Behavior_Project\outputs\tracking\frozen_predictions_standard_v2_20260728_retry1\B0_bytetrack_raw\predictions\Pigs281119_000085_30fps.xml,2dd250f947de3c4016c11382e72e8e24ab1c1748d65e4435e41bb3049c168812,C:\Users\ironh\Downloads\PIG_Behavior_Project\data\annotations\tracking\Pigs281119_000085_30fps.xml,3a6bc2b28dd2e4f831ef59d7543e1a523bb9cfd2415741bb91506f74709bd697,924,924,924,834,1014,30.0,3,3,NOT_APPLICABLE,ID_6,ID_6,YES,HIDDEN_POLICY_SENSITIVITY_REFERENCE,HIDDEN_STATUS_MATERIALLY_CHANGES_ELIGIBILITY,population membership changes by policy,NORMAL,1,bf1578d69af61b8cddc198b84b6652c582c75a43384abbc9eb8b7cb71287707d
GT-AUDIT-0005,AUDIT-0085,Pigs281119_000085_30fps,C:\Users\ironh\Downloads\PIG_Behavior_Project\data\videos\Pigs281119_000085_30fps.mp4,8dc95b9263c481d0ec3eb6e2ac96d821410e6331caadc950bd859a42f846b5fb,hybrid_bytetrack,C:\Users\ironh\Downloads\PIG_Behavior_Project\outputs\tracking\historical_h5b_h4_frozen_predictions_20260728\predictions\Pigs281119_000085_30fps.xml,691c1da76bec0168a303ee0482a6132f4477d57d91e91c97f875a1f56ea25073,C:\Users\ironh\Downloads\PIG_Behavior_Project\data\annotations\tracking\Pigs281119_000085_30fps.xml,3a6bc2b28dd2e4f831ef59d7543e1a523bb9cfd2415741bb91506f74709bd697,924,924,924,834,1014,30.0,3,3,NOT_APPLICABLE,ID_6,ID_6,YES,HIDDEN_POLICY_SENSITIVITY_REFERENCE,HIDDEN_STATUS_MATERIALLY_CHANGES_ELIGIBILITY,population membership changes by policy,HIGH,1,bf1578d69af61b8cddc198b84b6652c582c75a43384abbc9eb8b7cb71287707d
GT-AUDIT-0006,AUDIT-0025,Pigs281119_000085_30fps,C:\Users\ironh\Downloads\PIG_Behavior_Project\data\videos\Pigs281119_000085_30fps.mp4,8dc95b9263c481d0ec3eb6e2ac96d821410e6331caadc950bd859a42f846b5fb,realtime_fast,C:\Users\ironh\Downloads\PIG_Behavior_Project\outputs\tracking\reconciliation_state8_development_20260729_run2\predictions\realtime_fast\Pigs281119_000085_30fps.xml,0f1cb5ba23b754a4c36d83e3f1a175e92d53ef3c1e937a505fc9e470103ca1c8,C:\Users\ironh\Downloads\PIG_Behavior_Project\data\annotations\tracking\Pigs281119_000085_30fps.xml,3a6bc2b28dd2e4f831ef59d7543e1a523bb9cfd2415741bb91506f74709bd697,63,63,63,0,153,30.0,3,3,identity-episode-v2-9cf943633e349bdb8fe2,ID_3,ID_2,NO_OR_UNKNOWN,TERMINAL_IDENTITY_EPISODE,ALL_REALTIME_FAST_TERMINAL_EPISODES,one wrong-ID animal-frame,NORMAL,1,bf1578d69af61b8cddc198b84b6652c582c75a43384abbc9eb8b7cb71287707d
GT-AUDIT-0007,AUDIT-0026,Pigs281119_000085_30fps,C:\Users\ironh\Downloads\PIG_Behavior_Project\data\videos\Pigs281119_000085_30fps.mp4,8dc95b9263c481d0ec3eb6e2ac96d821410e6331caadc950bd859a42f846b5fb,realtime_fast,C:\Users\ironh\Downloads\PIG_Behavior_Project\outputs\tracking\reconciliation_state8_development_20260729_run2\predictions\realtime_fast\Pigs281119_000085_30fps.xml,0f1cb5ba23b754a4c36d83e3f1a175e92d53ef3c1e937a505fc9e470103ca1c8,C:\Users\ironh\Downloads\PIG_Behavior_Project\data\annotations\tracking\Pigs281119_000085_30fps.xml,3a6bc2b28dd2e4f831ef59d7543e1a523bb9cfd2415741bb91506f74709bd697,64,64,64,0,154,30.0,3,3,identity-episode-v2-e5fac907a9d0588a05e8,ID_4,ID_1,NO_OR_UNKNOWN,TERMINAL_IDENTITY_EPISODE,ALL_REALTIME_FAST_TERMINAL_EPISODES,one wrong-ID animal-frame,NORMAL,1,bf1578d69af61b8cddc198b84b6652c582c75a43384abbc9eb8b7cb71287707d
GT-AUDIT-0008,AUDIT-0061,Pigs281119_000085_30fps,C:\Users\ironh\Downloads\PIG_Behavior_Project\data\videos\Pigs281119_000085_30fps.mp4,8dc95b9263c481d0ec3eb6e2ac96d821410e6331caadc950bd859a42f846b5fb,realtime_fast,C:\Users\ironh\Downloads\PIG_Behavior_Project\outputs\tracking\reconciliation_state8_development_20260729_run2\predictions\realtime_fast\Pigs281119_000085_30fps.xml,0f1cb5ba23b754a4c36d83e3f1a175e92d53ef3c1e937a505fc9e470103ca1c8,C:\Users\ironh\Downloads\PIG_Behavior_Project\data\annotations\tracking\Pigs281119_000085_30fps.xml,3a6bc2b28dd2e4f831ef59d7543e1a523bb9cfd2415741bb91506f74709bd697,931,64,1799,0,1799,30.0,3,3,pairwise-swap-v2-9dd07847eca05370a19d,"('ID_3', 'ID_4')",RECIPROCAL_PAIRWISE_SWAP,MIXED_OR_UNKNOWN,PERSISTENT_PAIRWISE_SWAP,ALL_PERSISTENT_SWAPS_EVERY_ACTIVE_METHOD,one persistent pairwise swap event,NORMAL,1,bf1578d69af61b8cddc198b84b6652c582c75a43384abbc9eb8b7cb71287707d
GT-AUDIT-0009,AUDIT-0096,Pigs281119_000085_30fps,C:\Users\ironh\Downloads\PIG_Behavior_Project\data\videos\Pigs281119_000085_30fps.mp4,8dc95b9263c481d0ec3eb6e2ac96d821410e6331caadc950bd859a42f846b5fb,realtime_fast,C:\Users\ironh\Downloads\PIG_Behavior_Project\outputs\tracking\reconciliation_state8_development_20260729_run2\predictions\realtime_fast\Pigs281119_000085_30fps.xml,0f1cb5ba23b754a4c36d83e3f1a175e92d53ef3c1e937a505fc9e470103ca1c8,C:\Users\ironh\Downloads\PIG_Behavior_Project\data\annotations\tracking\Pigs281119_000085_30fps.xml,3a6bc2b28dd2e4f831ef59d7543e1a523bb9cfd2415741bb91506f74709bd697,924,924,924,834,1014,30.0,3,3,NOT_APPLICABLE,ID_6,ID_6,YES,HIDDEN_POLICY_SENSITIVITY_REFERENCE,HIDDEN_STATUS_MATERIALLY_CHANGES_ELIGIBILITY,population membership changes by policy,NORMAL,1,bf1578d69af61b8cddc198b84b6652c582c75a43384abbc9eb8b7cb71287707d
GT-AUDIT-0010,AUDIT-0068,Pigs281119_000085_30fps,C:\Users\ironh\Downloads\PIG_Behavior_Project\data\videos\Pigs281119_000085_30fps.mp4,8dc95b9263c481d0ec3eb6e2ac96d821410e6331caadc950bd859a42f846b5fb,rf_hybrid,C:\Users\ironh\Downloads\PIG_Behavior_Project\outputs\tracking\reconciliation_state8_development_20260729_run2\predictions\rf_hybrid\Pigs281119_000085_30fps.xml,f3c96d881a344d4b74615c786066056ebe3e1a361eb246a08e57198a90c0aaa1,C:\Users\ironh\Downloads\PIG_Behavior_Project\data\annotations\tracking\Pigs281119_000085_30fps.xml,3a6bc2b28dd2e4f831ef59d7543e1a523bb9cfd2415741bb91506f74709bd697,930,62,1799,0,1799,30.0,3,3,pairwise-swap-v2-2440d4d2813ab37c7a22,"('ID_3', 'ID_4')",RECIPROCAL_PAIRWISE_SWAP,MIXED_OR_UNKNOWN,PERSISTENT_PAIRWISE_SWAP,ALL_PERSISTENT_SWAPS_EVERY_ACTIVE_METHOD,one persistent pairwise swap event,NORMAL,1,bf1578d69af61b8cddc198b84b6652c582c75a43384abbc9eb8b7cb71287707d
GT-AUDIT-0011,AUDIT-0107,Pigs281119_000085_30fps,C:\Users\ironh\Downloads\PIG_Behavior_Project\data\videos\Pigs281119_000085_30fps.mp4,8dc95b9263c481d0ec3eb6e2ac96d821410e6331caadc950bd859a42f846b5fb,rf_hybrid,C:\Users\ironh\Downloads\PIG_Behavior_Project\outputs\tracking\reconciliation_state8_development_20260729_run2\predictions\rf_hybrid\Pigs281119_000085_30fps.xml,f3c96d881a344d4b74615c786066056ebe3e1a361eb246a08e57198a90c0aaa1,C:\Users\ironh\Downloads\PIG_Behavior_Project\data\annotations\tracking\Pigs281119_000085_30fps.xml,3a6bc2b28dd2e4f831ef59d7543e1a523bb9cfd2415741bb91506f74709bd697,924,924,924,834,1014,30.0,3,3,NOT_APPLICABLE,ID_6,ID_6,YES,HIDDEN_POLICY_SENSITIVITY_REFERENCE,HIDDEN_STATUS_MATERIALLY_CHANGES_ELIGIBILITY,population membership changes by policy,NORMAL,1,bf1578d69af61b8cddc198b84b6652c582c75a43384abbc9eb8b7cb71287707d
GT-AUDIT-0012,AUDIT-0043,Pigs281119_000114_30fps,C:\Users\ironh\Downloads\PIG_Behavior_Project\data\videos\Pigs281119_000114_30fps.mp4,6c7668b8e651c8a418aa198f788777ced61c4d2eb85e6b6171e1d0e1bfe1c398,bytetrack_raw,C:\Users\ironh\Downloads\PIG_Behavior_Project\outputs\tracking\frozen_predictions_standard_v2_20260728_retry1\B0_bytetrack_raw\predictions\Pigs281119_000114_30fps.xml,9bd78a67926c49b0242b6e5d6eeb37313a7addc2edcb4869fede1f44932f40ec,C:\Users\ironh\Downloads\PIG_Behavior_Project\data\annotations\tracking\Pigs281119_000114_30fps.xml,1d6ad0b635de1388016b28201ada90010f41ff8a491936050a86cd9430b6ceeb,224,224,224,134,314,30.0,3,3,identity-episode-v2-6adff12e27a309d0d9de,ID_2,ID_8,NO_OR_UNKNOWN,WRONG_IDENTITY_MATCH,LONGEST_BYTETRACK_RAW_WRONG_ID_EPISODE,one wrong-ID animal-frame,NORMAL,1,bf1578d69af61b8cddc198b84b6652c582c75a43384abbc9eb8b7cb71287707d
GT-AUDIT-0013,AUDIT-0044,Pigs281119_000114_30fps,C:\Users\ironh\Downloads\PIG_Behavior_Project\data\videos\Pigs281119_000114_30fps.mp4,6c7668b8e651c8a418aa198f788777ced61c4d2eb85e6b6171e1d0e1bfe1c398,bytetrack_raw,C:\Users\ironh\Downloads\PIG_Behavior_Project\outputs\tracking\frozen_predictions_standard_v2_20260728_retry1\B0_bytetrack_raw\predictions\Pigs281119_000114_30fps.xml,9bd78a67926c49b0242b6e5d6eeb37313a7addc2edcb4869fede1f44932f40ec,C:\Users\ironh\Downloads\PIG_Behavior_Project\data\annotations\tracking\Pigs281119_000114_30fps.xml,1d6ad0b635de1388016b28201ada90010f41ff8a491936050a86cd9430b6ceeb,224,224,224,134,314,30.0,3,3,identity-episode-v2-6dee3071db32f9c94876,ID_8,ID_2,NO_OR_UNKNOWN,WRONG_IDENTITY_MATCH,LONGEST_BYTETRACK_RAW_WRONG_ID_EPISODE,one wrong-ID animal-frame,NORMAL,1,bf1578d69af61b8cddc198b84b6652c582c75a43384abbc9eb8b7cb71287707d
GT-AUDIT-0014,AUDIT-0052,Pigs281119_000114_30fps,C:\Users\ironh\Downloads\PIG_Behavior_Project\data\videos\Pigs281119_000114_30fps.mp4,6c7668b8e651c8a418aa198f788777ced61c4d2eb85e6b6171e1d0e1bfe1c398,bytetrack_raw,C:\Users\ironh\Downloads\PIG_Behavior_Project\outputs\tracking\frozen_predictions_standard_v2_20260728_retry1\B0_bytetrack_raw\predictions\Pigs281119_000114_30fps.xml,9bd78a67926c49b0242b6e5d6eeb37313a7addc2edcb4869fede1f44932f40ec,C:\Users\ironh\Downloads\PIG_Behavior_Project\data\annotations\tracking\Pigs281119_000114_30fps.xml,1d6ad0b635de1388016b28201ada90010f41ff8a491936050a86cd9430b6ceeb,596,224,969,134,1059,30.0,3,3,pairwise-swap-v2-0a165164010bff237ea2,"('ID_2', 'ID_8')",RECIPROCAL_PAIRWISE_SWAP,MIXED_OR_UNKNOWN,PERSISTENT_PAIRWISE_SWAP,ALL_PERSISTENT_SWAPS_EVERY_ACTIVE_METHOD,one persistent pairwise swap event,NORMAL,1,bf1578d69af61b8cddc198b84b6652c582c75a43384abbc9eb8b7cb71287707d
GT-AUDIT-0015,AUDIT-0075,Pigs291119_000216_30fps,C:\Users\ironh\Downloads\PIG_Behavior_Project\data\videos\Pigs291119_000216_30fps.mp4,e88f09d7183e045345a69c0a404cf0dabd9925502d275120f44e77657d11f39f,bytetrack_raw,C:\Users\ironh\Downloads\PIG_Behavior_Project\outputs\tracking\frozen_predictions_standard_v2_20260728_retry1\B0_bytetrack_raw\predictions\Pigs291119_000216_30fps.xml,4b87f4a08430f5133dc8d039321df836b1f9ced4c161d6be782244858b35fbdd,C:\Users\ironh\Downloads\PIG_Behavior_Project\data\annotations\tracking\Pigs291119_000216_30fps.xml,e1b922d422c86307231b80c7f6d9186290086be24be5cd13731d25dcdfeac5c4,0,0,0,0,90,30.0,3,3,NOT_APPLICABLE,ID_7,ID_7,YES,HIDDEN_POLICY_SENSITIVITY_REFERENCE,HIDDEN_STATUS_MATERIALLY_CHANGES_ELIGIBILITY,population membership changes by policy,NORMAL,1,bf1578d69af61b8cddc198b84b6652c582c75a43384abbc9eb8b7cb71287707d
GT-AUDIT-0016,AUDIT-0042,Pigs291119_000216_30fps,C:\Users\ironh\Downloads\PIG_Behavior_Project\data\videos\Pigs291119_000216_30fps.mp4,e88f09d7183e045345a69c0a404cf0dabd9925502d275120f44e77657d11f39f,bytetrack_raw,C:\Users\ironh\Downloads\PIG_Behavior_Project\outputs\tracking\frozen_predictions_standard_v2_20260728_retry1\B0_bytetrack_raw\predictions\Pigs291119_000216_30fps.xml,4b87f4a08430f5133dc8d039321df836b1f9ced4c161d6be782244858b35fbdd,C:\Users\ironh\Downloads\PIG_Behavior_Project\data\annotations\tracking\Pigs291119_000216_30fps.xml,e1b922d422c86307231b80c7f6d9186290086be24be5cd13731d25dcdfeac5c4,171,171,171,81,261,30.0,3,3,identity-episode-v2-4a28ed5ded442d54571a,ID_1,ID_5,NO_OR_UNKNOWN,WRONG_IDENTITY_MATCH,LONGEST_BYTETRACK_RAW_WRONG_ID_EPISODE,one wrong-ID animal-frame,NORMAL,1,bf1578d69af61b8cddc198b84b6652c582c75a43384abbc9eb8b7cb71287707d
GT-AUDIT-0017,AUDIT-0041,Pigs291119_000216_30fps,C:\Users\ironh\Downloads\PIG_Behavior_Project\data\videos\Pigs291119_000216_30fps.mp4,e88f09d7183e045345a69c0a404cf0dabd9925502d275120f44e77657d11f39f,bytetrack_raw,C:\Users\ironh\Downloads\PIG_Behavior_Project\outputs\tracking\frozen_predictions_standard_v2_20260728_retry1\B0_bytetrack_raw\predictions\Pigs291119_000216_30fps.xml,4b87f4a08430f5133dc8d039321df836b1f9ced4c161d6be782244858b35fbdd,C:\Users\ironh\Downloads\PIG_Behavior_Project\data\annotations\tracking\Pigs291119_000216_30fps.xml,e1b922d422c86307231b80c7f6d9186290086be24be5cd13731d25dcdfeac5c4,172,172,172,82,262,30.0,3,3,identity-episode-v2-f1571f699d19bd33b181,ID_5,ID_1,NO_OR_UNKNOWN,WRONG_IDENTITY_MATCH,LONGEST_BYTETRACK_RAW_WRONG_ID_EPISODE,one wrong-ID animal-frame,NORMAL,1,bf1578d69af61b8cddc198b84b6652c582c75a43384abbc9eb8b7cb71287707d
GT-AUDIT-0018,AUDIT-0053,Pigs291119_000216_30fps,C:\Users\ironh\Downloads\PIG_Behavior_Project\data\videos\Pigs291119_000216_30fps.mp4,e88f09d7183e045345a69c0a404cf0dabd9925502d275120f44e77657d11f39f,bytetrack_raw,C:\Users\ironh\Downloads\PIG_Behavior_Project\outputs\tracking\frozen_predictions_standard_v2_20260728_retry1\B0_bytetrack_raw\predictions\Pigs291119_000216_30fps.xml,4b87f4a08430f5133dc8d039321df836b1f9ced4c161d6be782244858b35fbdd,C:\Users\ironh\Downloads\PIG_Behavior_Project\data\annotations\tracking\Pigs291119_000216_30fps.xml,e1b922d422c86307231b80c7f6d9186290086be24be5cd13731d25dcdfeac5c4,623,172,1075,82,1165,30.0,3,3,pairwise-swap-v2-2600ef5e9e77927348c6,"('ID_1', 'ID_5')",RECIPROCAL_PAIRWISE_SWAP,MIXED_OR_UNKNOWN,PERSISTENT_PAIRWISE_SWAP,ALL_PERSISTENT_SWAPS_EVERY_ACTIVE_METHOD,one persistent pairwise swap event,NORMAL,1,bf1578d69af61b8cddc198b84b6652c582c75a43384abbc9eb8b7cb71287707d
GT-AUDIT-0019,AUDIT-0054,Pigs291119_000216_30fps,C:\Users\ironh\Downloads\PIG_Behavior_Project\data\videos\Pigs291119_000216_30fps.mp4,e88f09d7183e045345a69c0a404cf0dabd9925502d275120f44e77657d11f39f,bytetrack_raw,C:\Users\ironh\Downloads\PIG_Behavior_Project\outputs\tracking\frozen_predictions_standard_v2_20260728_retry1\B0_bytetrack_raw\predictions\Pigs291119_000216_30fps.xml,4b87f4a08430f5133dc8d039321df836b1f9ced4c161d6be782244858b35fbdd,C:\Users\ironh\Downloads\PIG_Behavior_Project\data\annotations\tracking\Pigs291119_000216_30fps.xml,e1b922d422c86307231b80c7f6d9186290086be24be5cd13731d25dcdfeac5c4,1448,1098,1799,1008,1799,30.0,3,3,pairwise-swap-v2-a1deeadce1e253129412,"('ID_1', 'ID_5')",RECIPROCAL_PAIRWISE_SWAP,MIXED_OR_UNKNOWN,PERSISTENT_PAIRWISE_SWAP,ALL_PERSISTENT_SWAPS_EVERY_ACTIVE_METHOD,one persistent pairwise swap event,NORMAL,1,bf1578d69af61b8cddc198b84b6652c582c75a43384abbc9eb8b7cb71287707d
GT-AUDIT-0020,AUDIT-0086,Pigs291119_000216_30fps,C:\Users\ironh\Downloads\PIG_Behavior_Project\data\videos\Pigs291119_000216_30fps.mp4,e88f09d7183e045345a69c0a404cf0dabd9925502d275120f44e77657d11f39f,hybrid_bytetrack,C:\Users\ironh\Downloads\PIG_Behavior_Project\outputs\tracking\historical_h5b_h4_frozen_predictions_20260728\predictions\Pigs291119_000216_30fps.xml,14589c03e2c5105564982b830d5be0d0a410ef7d55a0be0313996557a4cab7be,C:\Users\ironh\Downloads\PIG_Behavior_Project\data\annotations\tracking\Pigs291119_000216_30fps.xml,e1b922d422c86307231b80c7f6d9186290086be24be5cd13731d25dcdfeac5c4,0,0,0,0,90,30.0,3,3,NOT_APPLICABLE,ID_7,ID_7,YES,HIDDEN_POLICY_SENSITIVITY_REFERENCE,HIDDEN_STATUS_MATERIALLY_CHANGES_ELIGIBILITY,population membership changes by policy,HIGH,1,bf1578d69af61b8cddc198b84b6652c582c75a43384abbc9eb8b7cb71287707d
GT-AUDIT-0021,AUDIT-0097,Pigs291119_000216_30fps,C:\Users\ironh\Downloads\PIG_Behavior_Project\data\videos\Pigs291119_000216_30fps.mp4,e88f09d7183e045345a69c0a404cf0dabd9925502d275120f44e77657d11f39f,realtime_fast,C:\Users\ironh\Downloads\PIG_Behavior_Project\outputs\tracking\reconciliation_state8_development_20260729_run2\predictions\realtime_fast\Pigs291119_000216_30fps.xml,cc664ec665dfd67be4da990c085d40c61d6886cf8fa86ba5d4866f4d035c29ae,C:\Users\ironh\Downloads\PIG_Behavior_Project\data\annotations\tracking\Pigs291119_000216_30fps.xml,e1b922d422c86307231b80c7f6d9186290086be24be5cd13731d25dcdfeac5c4,0,0,0,0,90,30.0,3,3,NOT_APPLICABLE,ID_7,ID_7,YES,HIDDEN_POLICY_SENSITIVITY_REFERENCE,HIDDEN_STATUS_MATERIALLY_CHANGES_ELIGIBILITY,population membership changes by policy,NORMAL,1,bf1578d69af61b8cddc198b84b6652c582c75a43384abbc9eb8b7cb71287707d
GT-AUDIT-0022,AUDIT-0027,Pigs291119_000216_30fps,C:\Users\ironh\Downloads\PIG_Behavior_Project\data\videos\Pigs291119_000216_30fps.mp4,e88f09d7183e045345a69c0a404cf0dabd9925502d275120f44e77657d11f39f,realtime_fast,C:\Users\ironh\Downloads\PIG_Behavior_Project\outputs\tracking\reconciliation_state8_development_20260729_run2\predictions\realtime_fast\Pigs291119_000216_30fps.xml,cc664ec665dfd67be4da990c085d40c61d6886cf8fa86ba5d4866f4d035c29ae,C:\Users\ironh\Downloads\PIG_Behavior_Project\data\annotations\tracking\Pigs291119_000216_30fps.xml,e1b922d422c86307231b80c7f6d9186290086be24be5cd13731d25dcdfeac5c4,171,171,171,81,261,30.0,3,3,identity-episode-v2-ff218a47c310e622263c,ID_1,ID_5,NO_OR_UNKNOWN,TERMINAL_IDENTITY_EPISODE,ALL_REALTIME_FAST_TERMINAL_EPISODES,one wrong-ID animal-frame,NORMAL,1,bf1578d69af61b8cddc198b84b6652c582c75a43384abbc9eb8b7cb71287707d
GT-AUDIT-0023,AUDIT-0028,Pigs291119_000216_30fps,C:\Users\ironh\Downloads\PIG_Behavior_Project\data\videos\Pigs291119_000216_30fps.mp4,e88f09d7183e045345a69c0a404cf0dabd9925502d275120f44e77657d11f39f,realtime_fast,C:\Users\ironh\Downloads\PIG_Behavior_Project\outputs\tracking\reconciliation_state8_development_20260729_run2\predictions\realtime_fast\Pigs291119_000216_30fps.xml,cc664ec665dfd67be4da990c085d40c61d6886cf8fa86ba5d4866f4d035c29ae,C:\Users\ironh\Downloads\PIG_Behavior_Project\data\annotations\tracking\Pigs291119_000216_30fps.xml,e1b922d422c86307231b80c7f6d9186290086be24be5cd13731d25dcdfeac5c4,172,172,172,82,262,30.0,3,3,identity-episode-v2-e056b067a170b5eea5e8,ID_5,ID_1,NO_OR_UNKNOWN,TERMINAL_IDENTITY_EPISODE,ALL_REALTIME_FAST_TERMINAL_EPISODES,one wrong-ID animal-frame,NORMAL,1,bf1578d69af61b8cddc198b84b6652c582c75a43384abbc9eb8b7cb71287707d
GT-AUDIT-0024,AUDIT-0062,Pigs291119_000216_30fps,C:\Users\ironh\Downloads\PIG_Behavior_Project\data\videos\Pigs291119_000216_30fps.mp4,e88f09d7183e045345a69c0a404cf0dabd9925502d275120f44e77657d11f39f,realtime_fast,C:\Users\ironh\Downloads\PIG_Behavior_Project\outputs\tracking\reconciliation_state8_development_20260729_run2\predictions\realtime_fast\Pigs291119_000216_30fps.xml,cc664ec665dfd67be4da990c085d40c61d6886cf8fa86ba5d4866f4d035c29ae,C:\Users\ironh\Downloads\PIG_Behavior_Project\data\annotations\tracking\Pigs291119_000216_30fps.xml,e1b922d422c86307231b80c7f6d9186290086be24be5cd13731d25dcdfeac5c4,985,172,1799,82,1799,30.0,3,3,pairwise-swap-v2-45143d0e7b730710dce1,"('ID_1', 'ID_5')",RECIPROCAL_PAIRWISE_SWAP,MIXED_OR_UNKNOWN,PERSISTENT_PAIRWISE_SWAP,ALL_PERSISTENT_SWAPS_EVERY_ACTIVE_METHOD,one persistent pairwise swap event,NORMAL,1,bf1578d69af61b8cddc198b84b6652c582c75a43384abbc9eb8b7cb71287707d
GT-AUDIT-0025,AUDIT-0108,Pigs291119_000216_30fps,C:\Users\ironh\Downloads\PIG_Behavior_Project\data\videos\Pigs291119_000216_30fps.mp4,e88f09d7183e045345a69c0a404cf0dabd9925502d275120f44e77657d11f39f,rf_hybrid,C:\Users\ironh\Downloads\PIG_Behavior_Project\outputs\tracking\reconciliation_state8_development_20260729_run2\predictions\rf_hybrid\Pigs291119_000216_30fps.xml,3a56acfd66d363300600f7b0b22b781471759436d50c1b37b02b4fd89fefde9a,C:\Users\ironh\Downloads\PIG_Behavior_Project\data\annotations\tracking\Pigs291119_000216_30fps.xml,e1b922d422c86307231b80c7f6d9186290086be24be5cd13731d25dcdfeac5c4,0,0,0,0,90,30.0,3,3,NOT_APPLICABLE,ID_7,ID_7,YES,HIDDEN_POLICY_SENSITIVITY_REFERENCE,HIDDEN_STATUS_MATERIALLY_CHANGES_ELIGIBILITY,population membership changes by policy,NORMAL,1,bf1578d69af61b8cddc198b84b6652c582c75a43384abbc9eb8b7cb71287707d
GT-AUDIT-0026,AUDIT-0069,Pigs291119_000216_30fps,C:\Users\ironh\Downloads\PIG_Behavior_Project\data\videos\Pigs291119_000216_30fps.mp4,e88f09d7183e045345a69c0a404cf0dabd9925502d275120f44e77657d11f39f,rf_hybrid,C:\Users\ironh\Downloads\PIG_Behavior_Project\outputs\tracking\reconciliation_state8_development_20260729_run2\predictions\rf_hybrid\Pigs291119_000216_30fps.xml,3a56acfd66d363300600f7b0b22b781471759436d50c1b37b02b4fd89fefde9a,C:\Users\ironh\Downloads\PIG_Behavior_Project\data\annotations\tracking\Pigs291119_000216_30fps.xml,e1b922d422c86307231b80c7f6d9186290086be24be5cd13731d25dcdfeac5c4,984,170,1799,80,1799,30.0,3,3,pairwise-swap-v2-2cdc947cccf2ce1f4690,"('ID_1', 'ID_5')",RECIPROCAL_PAIRWISE_SWAP,MIXED_OR_UNKNOWN,PERSISTENT_PAIRWISE_SWAP,ALL_PERSISTENT_SWAPS_EVERY_ACTIVE_METHOD,one persistent pairwise swap event,NORMAL,1,bf1578d69af61b8cddc198b84b6652c582c75a43384abbc9eb8b7cb71287707d
GT-AUDIT-0027,AUDIT-0076,Pigs291119_000225_30fps,C:\Users\ironh\Downloads\PIG_Behavior_Project\data\videos\Pigs291119_000225_30fps.mp4,dbcc76d9c1694dc50a7d22f5f8006ac4aef189e8ad88917f41ada9b7ffa63ca5,bytetrack_raw,C:\Users\ironh\Downloads\PIG_Behavior_Project\outputs\tracking\frozen_predictions_standard_v2_20260728_retry1\B0_bytetrack_raw\predictions\Pigs291119_000225_30fps.xml,e1a7fcf744ee802f82059f3e1a3e790c8d7f963bfa3091cc77a63f2800258782,C:\Users\ironh\Downloads\PIG_Behavior_Project\data\annotations\tracking\Pigs291119_000225_30fps.xml,ea60f89302b53bcd94abfb83b7fee826c0594d75ef03ec2085be37517453ddde,115,115,115,25,205,30.0,3,3,NOT_APPLICABLE,ID_5,ID_7,YES,HIDDEN_POLICY_SENSITIVITY_REFERENCE,HIDDEN_STATUS_MATERIALLY_CHANGES_ELIGIBILITY,population membership changes by policy,NORMAL,1,bf1578d69af61b8cddc198b84b6652c582c75a43384abbc9eb8b7cb71287707d
GT-AUDIT-0028,AUDIT-0087,Pigs291119_000225_30fps,C:\Users\ironh\Downloads\PIG_Behavior_Project\data\videos\Pigs291119_000225_30fps.mp4,dbcc76d9c1694dc50a7d22f5f8006ac4aef189e8ad88917f41ada9b7ffa63ca5,hybrid_bytetrack,C:\Users\ironh\Downloads\PIG_Behavior_Project\outputs\tracking\historical_h5b_h4_frozen_predictions_20260728\predictions\Pigs291119_000225_30fps.xml,9863238de3c910411201f35412a40f5dc126f7d9b17d1244ca8590b9d2e288f9,C:\Users\ironh\Downloads\PIG_Behavior_Project\data\annotations\tracking\Pigs291119_000225_30fps.xml,ea60f89302b53bcd94abfb83b7fee826c0594d75ef03ec2085be37517453ddde,115,115,115,25,205,30.0,3,3,NOT_APPLICABLE,ID_5,ID_7,YES,HIDDEN_POLICY_SENSITIVITY_REFERENCE,HIDDEN_STATUS_MATERIALLY_CHANGES_ELIGIBILITY,population membership changes by policy,HIGH,1,bf1578d69af61b8cddc198b84b6652c582c75a43384abbc9eb8b7cb71287707d
GT-AUDIT-0029,AUDIT-0098,Pigs291119_000225_30fps,C:\Users\ironh\Downloads\PIG_Behavior_Project\data\videos\Pigs291119_000225_30fps.mp4,dbcc76d9c1694dc50a7d22f5f8006ac4aef189e8ad88917f41ada9b7ffa63ca5,realtime_fast,C:\Users\ironh\Downloads\PIG_Behavior_Project\outputs\tracking\reconciliation_state8_development_20260729_run2\predictions\realtime_fast\Pigs291119_000225_30fps.xml,42358dcf2ae178953b3d17d24aabe4674347f9e0a467298a97deae35133498cc,C:\Users\ironh\Downloads\PIG_Behavior_Project\data\annotations\tracking\Pigs291119_000225_30fps.xml,ea60f89302b53bcd94abfb83b7fee826c0594d75ef03ec2085be37517453ddde,115,115,115,25,205,30.0,3,3,NOT_APPLICABLE,ID_5,ID_7,YES,HIDDEN_POLICY_SENSITIVITY_REFERENCE,HIDDEN_STATUS_MATERIALLY_CHANGES_ELIGIBILITY,population membership changes by policy,NORMAL,1,bf1578d69af61b8cddc198b84b6652c582c75a43384abbc9eb8b7cb71287707d
GT-AUDIT-0030,AUDIT-0109,Pigs291119_000225_30fps,C:\Users\ironh\Downloads\PIG_Behavior_Project\data\videos\Pigs291119_000225_30fps.mp4,dbcc76d9c1694dc50a7d22f5f8006ac4aef189e8ad88917f41ada9b7ffa63ca5,rf_hybrid,C:\Users\ironh\Downloads\PIG_Behavior_Project\outputs\tracking\reconciliation_state8_development_20260729_run2\predictions\rf_hybrid\Pigs291119_000225_30fps.xml,782ca1c5d139fc8e3287c88caf9121f24cb4f128e9faddfc32a3f16b8bbda12d,C:\Users\ironh\Downloads\PIG_Behavior_Project\data\annotations\tracking\Pigs291119_000225_30fps.xml,ea60f89302b53bcd94abfb83b7fee826c0594d75ef03ec2085be37517453ddde,115,115,115,25,205,30.0,3,3,NOT_APPLICABLE,ID_5,ID_7,YES,HIDDEN_POLICY_SENSITIVITY_REFERENCE,HIDDEN_STATUS_MATERIALLY_CHANGES_ELIGIBILITY,population membership changes by policy,NORMAL,1,bf1578d69af61b8cddc198b84b6652c582c75a43384abbc9eb8b7cb71287707d
GT-AUDIT-0031,AUDIT-0077,Pigs291119_000226_30fps,C:\Users\ironh\Downloads\PIG_Behavior_Project\data\videos\Pigs291119_000226_30fps.mp4,9d637888df9c5d01ec26425ffd1f7fe9d5f6842e9169a0464bea048f8ae5c5fd,bytetrack_raw,C:\Users\ironh\Downloads\PIG_Behavior_Project\outputs\tracking\frozen_predictions_standard_v2_20260728_retry1\B0_bytetrack_raw\predictions\Pigs291119_000226_30fps.xml,916814dbac6347e82f95ec489e82bd8df77788423fe652d884ebef16f6f6f19a,C:\Users\ironh\Downloads\PIG_Behavior_Project\data\annotations\tracking\Pigs291119_000226_30fps.xml,9651401fb022c9dfc917df4b0b163dd750279f1bca7932a32aad8b0682ee923a,12,12,12,0,102,30.0,3,3,NOT_APPLICABLE,ID_3,ID_3,YES,HIDDEN_POLICY_SENSITIVITY_REFERENCE,HIDDEN_STATUS_MATERIALLY_CHANGES_ELIGIBILITY,population membership changes by policy,NORMAL,1,bf1578d69af61b8cddc198b84b6652c582c75a43384abbc9eb8b7cb71287707d
GT-AUDIT-0032,AUDIT-0088,Pigs291119_000226_30fps,C:\Users\ironh\Downloads\PIG_Behavior_Project\data\videos\Pigs291119_000226_30fps.mp4,9d637888df9c5d01ec26425ffd1f7fe9d5f6842e9169a0464bea048f8ae5c5fd,hybrid_bytetrack,C:\Users\ironh\Downloads\PIG_Behavior_Project\outputs\tracking\historical_h5b_h4_frozen_predictions_20260728\predictions\Pigs291119_000226_30fps.xml,a1374591a1977fe823395c8647bdf8b0ebe955144fa749a4729351f46a0566d1,C:\Users\ironh\Downloads\PIG_Behavior_Project\data\annotations\tracking\Pigs291119_000226_30fps.xml,9651401fb022c9dfc917df4b0b163dd750279f1bca7932a32aad8b0682ee923a,12,12,12,0,102,30.0,3,3,NOT_APPLICABLE,ID_3,ID_3,YES,HIDDEN_POLICY_SENSITIVITY_REFERENCE,HIDDEN_STATUS_MATERIALLY_CHANGES_ELIGIBILITY,population membership changes by policy,HIGH,1,bf1578d69af61b8cddc198b84b6652c582c75a43384abbc9eb8b7cb71287707d
GT-AUDIT-0033,AUDIT-0099,Pigs291119_000226_30fps,C:\Users\ironh\Downloads\PIG_Behavior_Project\data\videos\Pigs291119_000226_30fps.mp4,9d637888df9c5d01ec26425ffd1f7fe9d5f6842e9169a0464bea048f8ae5c5fd,realtime_fast,C:\Users\ironh\Downloads\PIG_Behavior_Project\outputs\tracking\reconciliation_state8_development_20260729_run2\predictions\realtime_fast\Pigs291119_000226_30fps.xml,67aeadf73871a53116ab484a1db58d626e648aa988cb982408836fe3b7a00285,C:\Users\ironh\Downloads\PIG_Behavior_Project\data\annotations\tracking\Pigs291119_000226_30fps.xml,9651401fb022c9dfc917df4b0b163dd750279f1bca7932a32aad8b0682ee923a,12,12,12,0,102,30.0,3,3,NOT_APPLICABLE,ID_3,ID_3,YES,HIDDEN_POLICY_SENSITIVITY_REFERENCE,HIDDEN_STATUS_MATERIALLY_CHANGES_ELIGIBILITY,population membership changes by policy,NORMAL,1,bf1578d69af61b8cddc198b84b6652c582c75a43384abbc9eb8b7cb71287707d
GT-AUDIT-0034,AUDIT-0110,Pigs291119_000226_30fps,C:\Users\ironh\Downloads\PIG_Behavior_Project\data\videos\Pigs291119_000226_30fps.mp4,9d637888df9c5d01ec26425ffd1f7fe9d5f6842e9169a0464bea048f8ae5c5fd,rf_hybrid,C:\Users\ironh\Downloads\PIG_Behavior_Project\outputs\tracking\reconciliation_state8_development_20260729_run2\predictions\rf_hybrid\Pigs291119_000226_30fps.xml,ad0256935a99951220e0691a4e98da8d2e1e7efbef7e224a02ff03fd2250ec6b,C:\Users\ironh\Downloads\PIG_Behavior_Project\data\annotations\tracking\Pigs291119_000226_30fps.xml,9651401fb022c9dfc917df4b0b163dd750279f1bca7932a32aad8b0682ee923a,12,12,12,0,102,30.0,3,3,NOT_APPLICABLE,ID_3,ID_3,YES,HIDDEN_POLICY_SENSITIVITY_REFERENCE,HIDDEN_STATUS_MATERIALLY_CHANGES_ELIGIBILITY,population membership changes by policy,NORMAL,1,bf1578d69af61b8cddc198b84b6652c582c75a43384abbc9eb8b7cb71287707d
GT-AUDIT-0035,AUDIT-0078,Pigs291119_000231_30fps,C:\Users\ironh\Downloads\PIG_Behavior_Project\data\videos\Pigs291119_000231_30fps.mp4,9473ea82e03eb8b0cb69e6fe1e54bdfd359408bd99d4cf68344d0ce623b3e447,bytetrack_raw,C:\Users\ironh\Downloads\PIG_Behavior_Project\outputs\tracking\frozen_predictions_standard_v2_20260728_retry1\B0_bytetrack_raw\predictions\Pigs291119_000231_30fps.xml,62f3f6454b08c6180b60362a830f51cf0d3a68b56c020830f6fcd34e895c0fc3,C:\Users\ironh\Downloads\PIG_Behavior_Project\data\annotations\tracking\Pigs291119_000231_30fps.xml,6dfb65e3b4aff7006462b3062c75e3dc5eb895f3b76098e88657527c1ff23fc3,28,28,28,0,118,30.0,3,3,NOT_APPLICABLE,ID_6,ID_6,YES,HIDDEN_POLICY_SENSITIVITY_REFERENCE,HIDDEN_STATUS_MATERIALLY_CHANGES_ELIGIBILITY,population membership changes by policy,NORMAL,1,bf1578d69af61b8cddc198b84b6652c582c75a43384abbc9eb8b7cb71287707d
GT-AUDIT-0036,AUDIT-0045,Pigs291119_000231_30fps,C:\Users\ironh\Downloads\PIG_Behavior_Project\data\videos\Pigs291119_000231_30fps.mp4,9473ea82e03eb8b0cb69e6fe1e54bdfd359408bd99d4cf68344d0ce623b3e447,bytetrack_raw,C:\Users\ironh\Downloads\PIG_Behavior_Project\outputs\tracking\frozen_predictions_standard_v2_20260728_retry1\B0_bytetrack_raw\predictions\Pigs291119_000231_30fps.xml,62f3f6454b08c6180b60362a830f51cf0d3a68b56c020830f6fcd34e895c0fc3,C:\Users\ironh\Downloads\PIG_Behavior_Project\data\annotations\tracking\Pigs291119_000231_30fps.xml,6dfb65e3b4aff7006462b3062c75e3dc5eb895f3b76098e88657527c1ff23fc3,733,733,733,643,823,30.0,3,3,identity-episode-v2-d7727f83ab797341ced5,ID_5,ID_4,NO_OR_UNKNOWN,WRONG_IDENTITY_MATCH,STRATIFIED_RECOVERED_EPISODE_SAMPLE,one wrong-ID animal-frame,NORMAL,1,bf1578d69af61b8cddc198b84b6652c582c75a43384abbc9eb8b7cb71287707d
GT-AUDIT-0037,AUDIT-0046,Pigs291119_000231_30fps,C:\Users\ironh\Downloads\PIG_Behavior_Project\data\videos\Pigs291119_000231_30fps.mp4,9473ea82e03eb8b0cb69e6fe1e54bdfd359408bd99d4cf68344d0ce623b3e447,bytetrack_raw,C:\Users\ironh\Downloads\PIG_Behavior_Project\outputs\tracking\frozen_predictions_standard_v2_20260728_retry1\B0_bytetrack_raw\predictions\Pigs291119_000231_30fps.xml,62f3f6454b08c6180b60362a830f51cf0d3a68b56c020830f6fcd34e895c0fc3,C:\Users\ironh\Downloads\PIG_Behavior_Project\data\annotations\tracking\Pigs291119_000231_30fps.xml,6dfb65e3b4aff7006462b3062c75e3dc5eb895f3b76098e88657527c1ff23fc3,981,981,981,891,1071,30.0,3,3,identity-episode-v2-e1e480cdb9cab78fad90,ID_6,ID_3,YES,WRONG_IDENTITY_MATCH,STRATIFIED_RECOVERED_EPISODE_SAMPLE,one wrong-ID animal-frame,NORMAL,1,bf1578d69af61b8cddc198b84b6652c582c75a43384abbc9eb8b7cb71287707d
GT-AUDIT-0038,AUDIT-0119,Pigs291119_000231_30fps,C:\Users\ironh\Downloads\PIG_Behavior_Project\data\videos\Pigs291119_000231_30fps.mp4,9473ea82e03eb8b0cb69e6fe1e54bdfd359408bd99d4cf68344d0ce623b3e447,hybrid_bytetrack,C:\Users\ironh\Downloads\PIG_Behavior_Project\outputs\tracking\historical_h5b_h4_frozen_predictions_20260728\predictions\Pigs291119_000231_30fps.xml,6221c5b4a439ccaab591963cced24cd38acf03de5c2777f9ae9b48fe1bfd2bd8,C:\Users\ironh\Downloads\PIG_Behavior_Project\data\annotations\tracking\Pigs291119_000231_30fps.xml,6dfb65e3b4aff7006462b3062c75e3dc5eb895f3b76098e88657527c1ff23fc3,899,0,1799,0,1799,30.0,3,3,NOT_APPLICABLE,ALL,ALL,MIXED,INFLUENTIAL_CLUSTER,CONTRIBUTES_MOST_TO_PAIRED_HOTA_DIFFERENCE,largest leave-one-video HOTA mean influence,HIGH,1,bf1578d69af61b8cddc198b84b6652c582c75a43384abbc9eb8b7cb71287707d
GT-AUDIT-0039,AUDIT-0089,Pigs291119_000231_30fps,C:\Users\ironh\Downloads\PIG_Behavior_Project\data\videos\Pigs291119_000231_30fps.mp4,9473ea82e03eb8b0cb69e6fe1e54bdfd359408bd99d4cf68344d0ce623b3e447,hybrid_bytetrack,C:\Users\ironh\Downloads\PIG_Behavior_Project\outputs\tracking\historical_h5b_h4_frozen_predictions_20260728\predictions\Pigs291119_000231_30fps.xml,6221c5b4a439ccaab591963cced24cd38acf03de5c2777f9ae9b48fe1bfd2bd8,C:\Users\ironh\Downloads\PIG_Behavior_Project\data\annotations\tracking\Pigs291119_000231_30fps.xml,6dfb65e3b4aff7006462b3062c75e3dc5eb895f3b76098e88657527c1ff23fc3,28,28,28,0,118,30.0,3,3,NOT_APPLICABLE,ID_6,ID_6,YES,HIDDEN_POLICY_SENSITIVITY_REFERENCE,HIDDEN_STATUS_MATERIALLY_CHANGES_ELIGIBILITY,population membership changes by policy,HIGH,1,bf1578d69af61b8cddc198b84b6652c582c75a43384abbc9eb8b7cb71287707d
GT-AUDIT-0040,AUDIT-0118,Pigs291119_000231_30fps,C:\Users\ironh\Downloads\PIG_Behavior_Project\data\videos\Pigs291119_000231_30fps.mp4,9473ea82e03eb8b0cb69e6fe1e54bdfd359408bd99d4cf68344d0ce623b3e447,realtime_fast,C:\Users\ironh\Downloads\PIG_Behavior_Project\outputs\tracking\reconciliation_state8_development_20260729_run2\predictions\realtime_fast\Pigs291119_000231_30fps.xml,08ae0cecb4eff352431d2fd1ed3a22215b42f111ac6c45577b257de0e673562e,C:\Users\ironh\Downloads\PIG_Behavior_Project\data\annotations\tracking\Pigs291119_000231_30fps.xml,6dfb65e3b4aff7006462b3062c75e3dc5eb895f3b76098e88657527c1ff23fc3,899,0,1799,0,1799,30.0,3,3,NOT_APPLICABLE,ALL,ALL,MIXED,INFLUENTIAL_CLUSTER,CONTRIBUTES_MOST_TO_PAIRED_HOTA_DIFFERENCE,largest leave-one-video HOTA mean influence,NORMAL,1,bf1578d69af61b8cddc198b84b6652c582c75a43384abbc9eb8b7cb71287707d
GT-AUDIT-0041,AUDIT-0100,Pigs291119_000231_30fps,C:\Users\ironh\Downloads\PIG_Behavior_Project\data\videos\Pigs291119_000231_30fps.mp4,9473ea82e03eb8b0cb69e6fe1e54bdfd359408bd99d4cf68344d0ce623b3e447,realtime_fast,C:\Users\ironh\Downloads\PIG_Behavior_Project\outputs\tracking\reconciliation_state8_development_20260729_run2\predictions\realtime_fast\Pigs291119_000231_30fps.xml,08ae0cecb4eff352431d2fd1ed3a22215b42f111ac6c45577b257de0e673562e,C:\Users\ironh\Downloads\PIG_Behavior_Project\data\annotations\tracking\Pigs291119_000231_30fps.xml,6dfb65e3b4aff7006462b3062c75e3dc5eb895f3b76098e88657527c1ff23fc3,28,28,28,0,118,30.0,3,3,NOT_APPLICABLE,ID_6,ID_6,YES,HIDDEN_POLICY_SENSITIVITY_REFERENCE,HIDDEN_STATUS_MATERIALLY_CHANGES_ELIGIBILITY,population membership changes by policy,NORMAL,1,bf1578d69af61b8cddc198b84b6652c582c75a43384abbc9eb8b7cb71287707d
GT-AUDIT-0042,AUDIT-0030,Pigs291119_000231_30fps,C:\Users\ironh\Downloads\PIG_Behavior_Project\data\videos\Pigs291119_000231_30fps.mp4,9473ea82e03eb8b0cb69e6fe1e54bdfd359408bd99d4cf68344d0ce623b3e447,realtime_fast,C:\Users\ironh\Downloads\PIG_Behavior_Project\outputs\tracking\reconciliation_state8_development_20260729_run2\predictions\realtime_fast\Pigs291119_000231_30fps.xml,08ae0cecb4eff352431d2fd1ed3a22215b42f111ac6c45577b257de0e673562e,C:\Users\ironh\Downloads\PIG_Behavior_Project\data\annotations\tracking\Pigs291119_000231_30fps.xml,6dfb65e3b4aff7006462b3062c75e3dc5eb895f3b76098e88657527c1ff23fc3,718,718,718,628,808,30.0,3,3,identity-episode-v2-f13ce269e5a6db34b60f,ID_4,ID_6,YES,TERMINAL_IDENTITY_EPISODE,ALL_REALTIME_FAST_TERMINAL_EPISODES,one wrong-ID animal-frame,NORMAL,1,bf1578d69af61b8cddc198b84b6652c582c75a43384abbc9eb8b7cb71287707d
GT-AUDIT-0043,AUDIT-0029,Pigs291119_000231_30fps,C:\Users\ironh\Downloads\PIG_Behavior_Project\data\videos\Pigs291119_000231_30fps.mp4,9473ea82e03eb8b0cb69e6fe1e54bdfd359408bd99d4cf68344d0ce623b3e447,realtime_fast,C:\Users\ironh\Downloads\PIG_Behavior_Project\outputs\tracking\reconciliation_state8_development_20260729_run2\predictions\realtime_fast\Pigs291119_000231_30fps.xml,08ae0cecb4eff352431d2fd1ed3a22215b42f111ac6c45577b257de0e673562e,C:\Users\ironh\Downloads\PIG_Behavior_Project\data\annotations\tracking\Pigs291119_000231_30fps.xml,6dfb65e3b4aff7006462b3062c75e3dc5eb895f3b76098e88657527c1ff23fc3,719,719,719,629,809,30.0,3,3,identity-episode-v2-eaa8bfc8a9ea3bedc9ec,ID_1,ID_5,NO_OR_UNKNOWN,TERMINAL_IDENTITY_EPISODE,ALL_REALTIME_FAST_TERMINAL_EPISODES,one wrong-ID animal-frame,NORMAL,1,bf1578d69af61b8cddc198b84b6652c582c75a43384abbc9eb8b7cb71287707d
GT-AUDIT-0044,AUDIT-0063,Pigs291119_000231_30fps,C:\Users\ironh\Downloads\PIG_Behavior_Project\data\videos\Pigs291119_000231_30fps.mp4,9473ea82e03eb8b0cb69e6fe1e54bdfd359408bd99d4cf68344d0ce623b3e447,realtime_fast,C:\Users\ironh\Downloads\PIG_Behavior_Project\outputs\tracking\reconciliation_state8_development_20260729_run2\predictions\realtime_fast\Pigs291119_000231_30fps.xml,08ae0cecb4eff352431d2fd1ed3a22215b42f111ac6c45577b257de0e673562e,C:\Users\ironh\Downloads\PIG_Behavior_Project\data\annotations\tracking\Pigs291119_000231_30fps.xml,6dfb65e3b4aff7006462b3062c75e3dc5eb895f3b76098e88657527c1ff23fc3,732,729,735,639,825,30.0,3,3,pairwise-swap-v2-ae49a20f2cec485828c8,"('ID_1', 'ID_4')",RECIPROCAL_PAIRWISE_SWAP,MIXED_OR_UNKNOWN,PERSISTENT_PAIRWISE_SWAP,ALL_PERSISTENT_SWAPS_EVERY_ACTIVE_METHOD,one persistent pairwise swap event,NORMAL,1,bf1578d69af61b8cddc198b84b6652c582c75a43384abbc9eb8b7cb71287707d
GT-AUDIT-0045,AUDIT-0064,Pigs291119_000231_30fps,C:\Users\ironh\Downloads\PIG_Behavior_Project\data\videos\Pigs291119_000231_30fps.mp4,9473ea82e03eb8b0cb69e6fe1e54bdfd359408bd99d4cf68344d0ce623b3e447,realtime_fast,C:\Users\ironh\Downloads\PIG_Behavior_Project\outputs\tracking\reconciliation_state8_development_20260729_run2\predictions\realtime_fast\Pigs291119_000231_30fps.xml,08ae0cecb4eff352431d2fd1ed3a22215b42f111ac6c45577b257de0e673562e,C:\Users\ironh\Downloads\PIG_Behavior_Project\data\annotations\tracking\Pigs291119_000231_30fps.xml,6dfb65e3b4aff7006462b3062c75e3dc5eb895f3b76098e88657527c1ff23fc3,1282,766,1799,676,1799,30.0,3,3,pairwise-swap-v2-91d622f482049d280d74,"('ID_1', 'ID_4')",RECIPROCAL_PAIRWISE_SWAP,MIXED_OR_UNKNOWN,PERSISTENT_PAIRWISE_SWAP,ALL_PERSISTENT_SWAPS_EVERY_ACTIVE_METHOD,one persistent pairwise swap event,NORMAL,1,bf1578d69af61b8cddc198b84b6652c582c75a43384abbc9eb8b7cb71287707d
GT-AUDIT-0046,AUDIT-0032,Pigs291119_000231_30fps,C:\Users\ironh\Downloads\PIG_Behavior_Project\data\videos\Pigs291119_000231_30fps.mp4,9473ea82e03eb8b0cb69e6fe1e54bdfd359408bd99d4cf68344d0ce623b3e447,realtime_fast,C:\Users\ironh\Downloads\PIG_Behavior_Project\outputs\tracking\reconciliation_state8_development_20260729_run2\predictions\realtime_fast\Pigs291119_000231_30fps.xml,08ae0cecb4eff352431d2fd1ed3a22215b42f111ac6c45577b257de0e673562e,C:\Users\ironh\Downloads\PIG_Behavior_Project\data\annotations\tracking\Pigs291119_000231_30fps.xml,6dfb65e3b4aff7006462b3062c75e3dc5eb895f3b76098e88657527c1ff23fc3,1364,1364,1364,1274,1454,30.0,3,3,identity-episode-v2-d9166b8eb1221d827ea7,ID_7,ID_6,NO_OR_UNKNOWN,TERMINAL_IDENTITY_EPISODE,ALL_REALTIME_FAST_TERMINAL_EPISODES,one wrong-ID animal-frame,NORMAL,1,bf1578d69af61b8cddc198b84b6652c582c75a43384abbc9eb8b7cb71287707d
GT-AUDIT-0047,AUDIT-0031,Pigs291119_000231_30fps,C:\Users\ironh\Downloads\PIG_Behavior_Project\data\videos\Pigs291119_000231_30fps.mp4,9473ea82e03eb8b0cb69e6fe1e54bdfd359408bd99d4cf68344d0ce623b3e447,realtime_fast,C:\Users\ironh\Downloads\PIG_Behavior_Project\outputs\tracking\reconciliation_state8_development_20260729_run2\predictions\realtime_fast\Pigs291119_000231_30fps.xml,08ae0cecb4eff352431d2fd1ed3a22215b42f111ac6c45577b257de0e673562e,C:\Users\ironh\Downloads\PIG_Behavior_Project\data\annotations\tracking\Pigs291119_000231_30fps.xml,6dfb65e3b4aff7006462b3062c75e3dc5eb895f3b76098e88657527c1ff23fc3,1368,1368,1368,1278,1458,30.0,3,3,identity-episode-v2-b0d45f80b7d90325c77c,ID_6,ID_7,NO_OR_UNKNOWN,TERMINAL_IDENTITY_EPISODE,ALL_REALTIME_FAST_TERMINAL_EPISODES,one wrong-ID animal-frame,NORMAL,1,bf1578d69af61b8cddc198b84b6652c582c75a43384abbc9eb8b7cb71287707d
GT-AUDIT-0048,AUDIT-0065,Pigs291119_000231_30fps,C:\Users\ironh\Downloads\PIG_Behavior_Project\data\videos\Pigs291119_000231_30fps.mp4,9473ea82e03eb8b0cb69e6fe1e54bdfd359408bd99d4cf68344d0ce623b3e447,realtime_fast,C:\Users\ironh\Downloads\PIG_Behavior_Project\outputs\tracking\reconciliation_state8_development_20260729_run2\predictions\realtime_fast\Pigs291119_000231_30fps.xml,08ae0cecb4eff352431d2fd1ed3a22215b42f111ac6c45577b257de0e673562e,C:\Users\ironh\Downloads\PIG_Behavior_Project\data\annotations\tracking\Pigs291119_000231_30fps.xml,6dfb65e3b4aff7006462b3062c75e3dc5eb895f3b76098e88657527c1ff23fc3,1583,1368,1799,1278,1799,30.0,3,3,pairwise-swap-v2-5b6a93f6b4b971466f33,"('ID_6', 'ID_7')",RECIPROCAL_PAIRWISE_SWAP,MIXED_OR_UNKNOWN,PERSISTENT_PAIRWISE_SWAP,ALL_PERSISTENT_SWAPS_EVERY_ACTIVE_METHOD,one persistent pairwise swap event,NORMAL,1,bf1578d69af61b8cddc198b84b6652c582c75a43384abbc9eb8b7cb71287707d
GT-AUDIT-0049,AUDIT-0111,Pigs291119_000231_30fps,C:\Users\ironh\Downloads\PIG_Behavior_Project\data\videos\Pigs291119_000231_30fps.mp4,9473ea82e03eb8b0cb69e6fe1e54bdfd359408bd99d4cf68344d0ce623b3e447,rf_hybrid,C:\Users\ironh\Downloads\PIG_Behavior_Project\outputs\tracking\reconciliation_state8_development_20260729_run2\predictions\rf_hybrid\Pigs291119_000231_30fps.xml,bf0f085c2e45fea8da8996f05d7f458933ebe5f2e868b2d2d598feb4edffea81,C:\Users\ironh\Downloads\PIG_Behavior_Project\data\annotations\tracking\Pigs291119_000231_30fps.xml,6dfb65e3b4aff7006462b3062c75e3dc5eb895f3b76098e88657527c1ff23fc3,28,28,28,0,118,30.0,3,3,NOT_APPLICABLE,ID_6,ID_6,YES,HIDDEN_POLICY_SENSITIVITY_REFERENCE,HIDDEN_STATUS_MATERIALLY_CHANGES_ELIGIBILITY,population membership changes by policy,NORMAL,1,bf1578d69af61b8cddc198b84b6652c582c75a43384abbc9eb8b7cb71287707d
GT-AUDIT-0050,AUDIT-0070,Pigs291119_000231_30fps,C:\Users\ironh\Downloads\PIG_Behavior_Project\data\videos\Pigs291119_000231_30fps.mp4,9473ea82e03eb8b0cb69e6fe1e54bdfd359408bd99d4cf68344d0ce623b3e447,rf_hybrid,C:\Users\ironh\Downloads\PIG_Behavior_Project\outputs\tracking\reconciliation_state8_development_20260729_run2\predictions\rf_hybrid\Pigs291119_000231_30fps.xml,bf0f085c2e45fea8da8996f05d7f458933ebe5f2e868b2d2d598feb4edffea81,C:\Users\ironh\Downloads\PIG_Behavior_Project\data\annotations\tracking\Pigs291119_000231_30fps.xml,6dfb65e3b4aff7006462b3062c75e3dc5eb895f3b76098e88657527c1ff23fc3,1281,764,1799,674,1799,30.0,3,3,pairwise-swap-v2-4c9743278e0fe034de34,"('ID_1', 'ID_5')",RECIPROCAL_PAIRWISE_SWAP,MIXED_OR_UNKNOWN,PERSISTENT_PAIRWISE_SWAP,ALL_PERSISTENT_SWAPS_EVERY_ACTIVE_METHOD,one persistent pairwise swap event,NORMAL,1,bf1578d69af61b8cddc198b84b6652c582c75a43384abbc9eb8b7cb71287707d
GT-AUDIT-0051,AUDIT-0049,Pigs291119_000231_30fps,C:\Users\ironh\Downloads\PIG_Behavior_Project\data\videos\Pigs291119_000231_30fps.mp4,9473ea82e03eb8b0cb69e6fe1e54bdfd359408bd99d4cf68344d0ce623b3e447,rf_hybrid,C:\Users\ironh\Downloads\PIG_Behavior_Project\outputs\tracking\reconciliation_state8_development_20260729_run2\predictions\rf_hybrid\Pigs291119_000231_30fps.xml,bf0f085c2e45fea8da8996f05d7f458933ebe5f2e868b2d2d598feb4edffea81,C:\Users\ironh\Downloads\PIG_Behavior_Project\data\annotations\tracking\Pigs291119_000231_30fps.xml,6dfb65e3b4aff7006462b3062c75e3dc5eb895f3b76098e88657527c1ff23fc3,948,948,948,858,1038,30.0,3,3,identity-episode-v2-bf9946e4f161603b59a1,ID_2,ID_6,NO_OR_UNKNOWN,WRONG_IDENTITY_MATCH,STRATIFIED_RECOVERED_EPISODE_SAMPLE,one wrong-ID animal-frame,NORMAL,1,bf1578d69af61b8cddc198b84b6652c582c75a43384abbc9eb8b7cb71287707d
GT-AUDIT-0052,AUDIT-0071,Pigs291119_000231_30fps,C:\Users\ironh\Downloads\PIG_Behavior_Project\data\videos\Pigs291119_000231_30fps.mp4,9473ea82e03eb8b0cb69e6fe1e54bdfd359408bd99d4cf68344d0ce623b3e447,rf_hybrid,C:\Users\ironh\Downloads\PIG_Behavior_Project\outputs\tracking\reconciliation_state8_development_20260729_run2\predictions\rf_hybrid\Pigs291119_000231_30fps.xml,bf0f085c2e45fea8da8996f05d7f458933ebe5f2e868b2d2d598feb4edffea81,C:\Users\ironh\Downloads\PIG_Behavior_Project\data\annotations\tracking\Pigs291119_000231_30fps.xml,6dfb65e3b4aff7006462b3062c75e3dc5eb895f3b76098e88657527c1ff23fc3,1583,1368,1799,1278,1799,30.0,3,3,pairwise-swap-v2-8203e5a0a6d5373ea7e2,"('ID_6', 'ID_7')",RECIPROCAL_PAIRWISE_SWAP,MIXED_OR_UNKNOWN,PERSISTENT_PAIRWISE_SWAP,ALL_PERSISTENT_SWAPS_EVERY_ACTIVE_METHOD,one persistent pairwise swap event,NORMAL,1,bf1578d69af61b8cddc198b84b6652c582c75a43384abbc9eb8b7cb71287707d
GT-AUDIT-0053,AUDIT-0079,Pigs291119_000233_30fps,C:\Users\ironh\Downloads\PIG_Behavior_Project\data\videos\Pigs291119_000233_30fps.mp4,24de02b8ecf5bd892e14c763872e3d86c7270f4c778f822844209c83a69888a1,bytetrack_raw,C:\Users\ironh\Downloads\PIG_Behavior_Project\outputs\tracking\frozen_predictions_standard_v2_20260728_retry1\B0_bytetrack_raw\predictions\Pigs291119_000233_30fps.xml,6a9f70612980b7d159afe1215c2f2346b334c587d0b7e33ad418752e9858b4cb,C:\Users\ironh\Downloads\PIG_Behavior_Project\data\annotations\tracking\Pigs291119_000233_30fps.xml,348f4ffa83ab7f7ac3c603a60a4f00528cf222d3f13129e2f04c399d7cb4158c,0,0,0,0,90,30.0,3,3,NOT_APPLICABLE,ID_1,ID_1,YES,HIDDEN_POLICY_SENSITIVITY_REFERENCE,HIDDEN_STATUS_MATERIALLY_CHANGES_ELIGIBILITY,population membership changes by policy,NORMAL,1,bf1578d69af61b8cddc198b84b6652c582c75a43384abbc9eb8b7cb71287707d
GT-AUDIT-0054,AUDIT-0090,Pigs291119_000233_30fps,C:\Users\ironh\Downloads\PIG_Behavior_Project\data\videos\Pigs291119_000233_30fps.mp4,24de02b8ecf5bd892e14c763872e3d86c7270f4c778f822844209c83a69888a1,hybrid_bytetrack,C:\Users\ironh\Downloads\PIG_Behavior_Project\outputs\tracking\historical_h5b_h4_frozen_predictions_20260728\predictions\Pigs291119_000233_30fps.xml,5679becaa6663aeb740e49fc86e0c9cfcbf86d5d2f33d66dd385ba35f8554139,C:\Users\ironh\Downloads\PIG_Behavior_Project\data\annotations\tracking\Pigs291119_000233_30fps.xml,348f4ffa83ab7f7ac3c603a60a4f00528cf222d3f13129e2f04c399d7cb4158c,0,0,0,0,90,30.0,3,3,NOT_APPLICABLE,ID_1,ID_1,YES,HIDDEN_POLICY_SENSITIVITY_REFERENCE,HIDDEN_STATUS_MATERIALLY_CHANGES_ELIGIBILITY,population membership changes by policy,HIGH,1,bf1578d69af61b8cddc198b84b6652c582c75a43384abbc9eb8b7cb71287707d
GT-AUDIT-0055,AUDIT-0001;AUDIT-0002;AUDIT-0003,Pigs291119_000233_30fps,C:\Users\ironh\Downloads\PIG_Behavior_Project\data\videos\Pigs291119_000233_30fps.mp4,24de02b8ecf5bd892e14c763872e3d86c7270f4c778f822844209c83a69888a1,hybrid_bytetrack,C:\Users\ironh\Downloads\PIG_Behavior_Project\outputs\tracking\historical_h5b_h4_frozen_predictions_20260728\predictions\Pigs291119_000233_30fps.xml,5679becaa6663aeb740e49fc86e0c9cfcbf86d5d2f33d66dd385ba35f8554139,C:\Users\ironh\Downloads\PIG_Behavior_Project\data\annotations\tracking\Pigs291119_000233_30fps.xml,348f4ffa83ab7f7ac3c603a60a4f00528cf222d3f13129e2f04c399d7cb4158c,1088,1087,1089,997,1179,30.0,3,3,identity-episode-v2-fb528440f6267c716261,ID_1,ID_8,NO_OR_UNKNOWN,WRONG_IDENTITY_MATCH,ALL_24_HYBRID_WRONG_ID_FRAMES; ALL_HYBRID_EPISODES,one wrong-ID animal-frame,HIGH,3,bf1578d69af61b8cddc198b84b6652c582c75a43384abbc9eb8b7cb71287707d
GT-AUDIT-0056,AUDIT-0013;AUDIT-0014;AUDIT-0015,Pigs291119_000233_30fps,C:\Users\ironh\Downloads\PIG_Behavior_Project\data\videos\Pigs291119_000233_30fps.mp4,24de02b8ecf5bd892e14c763872e3d86c7270f4c778f822844209c83a69888a1,hybrid_bytetrack,C:\Users\ironh\Downloads\PIG_Behavior_Project\outputs\tracking\historical_h5b_h4_frozen_predictions_20260728\predictions\Pigs291119_000233_30fps.xml,5679becaa6663aeb740e49fc86e0c9cfcbf86d5d2f33d66dd385ba35f8554139,C:\Users\ironh\Downloads\PIG_Behavior_Project\data\annotations\tracking\Pigs291119_000233_30fps.xml,348f4ffa83ab7f7ac3c603a60a4f00528cf222d3f13129e2f04c399d7cb4158c,1088,1087,1089,997,1179,30.0,3,3,identity-episode-v2-359db36be17e406aaee8,ID_8,ID_1,NO_OR_UNKNOWN,WRONG_IDENTITY_MATCH,ALL_24_HYBRID_WRONG_ID_FRAMES; ALL_HYBRID_EPISODES,one wrong-ID animal-frame,HIGH,3,bf1578d69af61b8cddc198b84b6652c582c75a43384abbc9eb8b7cb71287707d
GT-AUDIT-0057,AUDIT-0004;AUDIT-0005;AUDIT-0006,Pigs291119_000233_30fps,C:\Users\ironh\Downloads\PIG_Behavior_Project\data\videos\Pigs291119_000233_30fps.mp4,24de02b8ecf5bd892e14c763872e3d86c7270f4c778f822844209c83a69888a1,hybrid_bytetrack,C:\Users\ironh\Downloads\PIG_Behavior_Project\outputs\tracking\historical_h5b_h4_frozen_predictions_20260728\predictions\Pigs291119_000233_30fps.xml,5679becaa6663aeb740e49fc86e0c9cfcbf86d5d2f33d66dd385ba35f8554139,C:\Users\ironh\Downloads\PIG_Behavior_Project\data\annotations\tracking\Pigs291119_000233_30fps.xml,348f4ffa83ab7f7ac3c603a60a4f00528cf222d3f13129e2f04c399d7cb4158c,1092,1091,1093,1001,1183,30.0,3,3,identity-episode-v2-624f311d622a4608aeec,ID_1,ID_8,NO_OR_UNKNOWN,WRONG_IDENTITY_MATCH,ALL_24_HYBRID_WRONG_ID_FRAMES; ALL_HYBRID_EPISODES,one wrong-ID animal-frame,HIGH,3,bf1578d69af61b8cddc198b84b6652c582c75a43384abbc9eb8b7cb71287707d
GT-AUDIT-0058,AUDIT-0016;AUDIT-0017;AUDIT-0018,Pigs291119_000233_30fps,C:\Users\ironh\Downloads\PIG_Behavior_Project\data\videos\Pigs291119_000233_30fps.mp4,24de02b8ecf5bd892e14c763872e3d86c7270f4c778f822844209c83a69888a1,hybrid_bytetrack,C:\Users\ironh\Downloads\PIG_Behavior_Project\outputs\tracking\historical_h5b_h4_frozen_predictions_20260728\predictions\Pigs291119_000233_30fps.xml,5679becaa6663aeb740e49fc86e0c9cfcbf86d5d2f33d66dd385ba35f8554139,C:\Users\ironh\Downloads\PIG_Behavior_Project\data\annotations\tracking\Pigs291119_000233_30fps.xml,348f4ffa83ab7f7ac3c603a60a4f00528cf222d3f13129e2f04c399d7cb4158c,1092,1091,1093,1001,1183,30.0,3,3,identity-episode-v2-d6084c4c435bfc60cdcd,ID_8,ID_1,NO_OR_UNKNOWN,WRONG_IDENTITY_MATCH,ALL_24_HYBRID_WRONG_ID_FRAMES; ALL_HYBRID_EPISODES,one wrong-ID animal-frame,HIGH,3,bf1578d69af61b8cddc198b84b6652c582c75a43384abbc9eb8b7cb71287707d
GT-AUDIT-0059,AUDIT-0007,Pigs291119_000233_30fps,C:\Users\ironh\Downloads\PIG_Behavior_Project\data\videos\Pigs291119_000233_30fps.mp4,24de02b8ecf5bd892e14c763872e3d86c7270f4c778f822844209c83a69888a1,hybrid_bytetrack,C:\Users\ironh\Downloads\PIG_Behavior_Project\outputs\tracking\historical_h5b_h4_frozen_predictions_20260728\predictions\Pigs291119_000233_30fps.xml,5679becaa6663aeb740e49fc86e0c9cfcbf86d5d2f33d66dd385ba35f8554139,C:\Users\ironh\Downloads\PIG_Behavior_Project\data\annotations\tracking\Pigs291119_000233_30fps.xml,348f4ffa83ab7f7ac3c603a60a4f00528cf222d3f13129e2f04c399d7cb4158c,1112,1112,1112,1022,1202,30.0,3,3,identity-episode-v2-7983c480e7c378fc11ba,ID_1,ID_8,NO_OR_UNKNOWN,WRONG_IDENTITY_MATCH,ALL_24_HYBRID_WRONG_ID_FRAMES; ALL_HYBRID_EPISODES; STRATIFIED_RECOVERED_EPISODE_SAMPLE,one wrong-ID animal-frame,HIGH,1,bf1578d69af61b8cddc198b84b6652c582c75a43384abbc9eb8b7cb71287707d
GT-AUDIT-0060,AUDIT-0019;AUDIT-0020,Pigs291119_000233_30fps,C:\Users\ironh\Downloads\PIG_Behavior_Project\data\videos\Pigs291119_000233_30fps.mp4,24de02b8ecf5bd892e14c763872e3d86c7270f4c778f822844209c83a69888a1,hybrid_bytetrack,C:\Users\ironh\Downloads\PIG_Behavior_Project\outputs\tracking\historical_h5b_h4_frozen_predictions_20260728\predictions\Pigs291119_000233_30fps.xml,5679becaa6663aeb740e49fc86e0c9cfcbf86d5d2f33d66dd385ba35f8554139,C:\Users\ironh\Downloads\PIG_Behavior_Project\data\annotations\tracking\Pigs291119_000233_30fps.xml,348f4ffa83ab7f7ac3c603a60a4f00528cf222d3f13129e2f04c399d7cb4158c,1112,1112,1113,1022,1203,30.0,3,3,identity-episode-v2-848f5e01ca921e2acd41,ID_8,ID_1,NO_OR_UNKNOWN,WRONG_IDENTITY_MATCH,ALL_24_HYBRID_WRONG_ID_FRAMES; ALL_HYBRID_EPISODES,one wrong-ID animal-frame,HIGH,2,bf1578d69af61b8cddc198b84b6652c582c75a43384abbc9eb8b7cb71287707d
GT-AUDIT-0061,AUDIT-0008,Pigs291119_000233_30fps,C:\Users\ironh\Downloads\PIG_Behavior_Project\data\videos\Pigs291119_000233_30fps.mp4,24de02b8ecf5bd892e14c763872e3d86c7270f4c778f822844209c83a69888a1,hybrid_bytetrack,C:\Users\ironh\Downloads\PIG_Behavior_Project\outputs\tracking\historical_h5b_h4_frozen_predictions_20260728\predictions\Pigs291119_000233_30fps.xml,5679becaa6663aeb740e49fc86e0c9cfcbf86d5d2f33d66dd385ba35f8554139,C:\Users\ironh\Downloads\PIG_Behavior_Project\data\annotations\tracking\Pigs291119_000233_30fps.xml,348f4ffa83ab7f7ac3c603a60a4f00528cf222d3f13129e2f04c399d7cb4158c,1113,1113,1113,1023,1203,30.0,3,3,identity-episode-v2-7983c480e7c378fc11ba,ID_1,ID_8,NO_OR_UNKNOWN,WRONG_IDENTITY_MATCH,ALL_24_HYBRID_WRONG_ID_FRAMES; ALL_HYBRID_EPISODES,one wrong-ID animal-frame,HIGH,1,bf1578d69af61b8cddc198b84b6652c582c75a43384abbc9eb8b7cb71287707d
GT-AUDIT-0062,AUDIT-0009;AUDIT-0010;AUDIT-0011;AUDIT-0012,Pigs291119_000233_30fps,C:\Users\ironh\Downloads\PIG_Behavior_Project\data\videos\Pigs291119_000233_30fps.mp4,24de02b8ecf5bd892e14c763872e3d86c7270f4c778f822844209c83a69888a1,hybrid_bytetrack,C:\Users\ironh\Downloads\PIG_Behavior_Project\outputs\tracking\historical_h5b_h4_frozen_predictions_20260728\predictions\Pigs291119_000233_30fps.xml,5679becaa6663aeb740e49fc86e0c9cfcbf86d5d2f33d66dd385ba35f8554139,C:\Users\ironh\Downloads\PIG_Behavior_Project\data\annotations\tracking\Pigs291119_000233_30fps.xml,348f4ffa83ab7f7ac3c603a60a4f00528cf222d3f13129e2f04c399d7cb4158c,1116,1115,1118,1025,1208,30.0,3,3,identity-episode-v2-5f49867d80c786bfbc82,ID_1,ID_8,NO_OR_UNKNOWN,WRONG_IDENTITY_MATCH,ALL_24_HYBRID_WRONG_ID_FRAMES; ALL_HYBRID_EPISODES,one wrong-ID animal-frame,HIGH,4,bf1578d69af61b8cddc198b84b6652c582c75a43384abbc9eb8b7cb71287707d
GT-AUDIT-0063,AUDIT-0021,Pigs291119_000233_30fps,C:\Users\ironh\Downloads\PIG_Behavior_Project\data\videos\Pigs291119_000233_30fps.mp4,24de02b8ecf5bd892e14c763872e3d86c7270f4c778f822844209c83a69888a1,hybrid_bytetrack,C:\Users\ironh\Downloads\PIG_Behavior_Project\outputs\tracking\historical_h5b_h4_frozen_predictions_20260728\predictions\Pigs291119_000233_30fps.xml,5679becaa6663aeb740e49fc86e0c9cfcbf86d5d2f33d66dd385ba35f8554139,C:\Users\ironh\Downloads\PIG_Behavior_Project\data\annotations\tracking\Pigs291119_000233_30fps.xml,348f4ffa83ab7f7ac3c603a60a4f00528cf222d3f13129e2f04c399d7cb4158c,1115,1115,1115,1025,1205,30.0,3,3,identity-episode-v2-91fbe5d325dfeaf58e2f,ID_8,ID_1,NO_OR_UNKNOWN,WRONG_IDENTITY_MATCH,ALL_24_HYBRID_WRONG_ID_FRAMES; ALL_HYBRID_EPISODES; STRATIFIED_RECOVERED_EPISODE_SAMPLE,one wrong-ID animal-frame,HIGH,1,bf1578d69af61b8cddc198b84b6652c582c75a43384abbc9eb8b7cb71287707d
GT-AUDIT-0064,AUDIT-0022;AUDIT-0023;AUDIT-0024,Pigs291119_000233_30fps,C:\Users\ironh\Downloads\PIG_Behavior_Project\data\videos\Pigs291119_000233_30fps.mp4,24de02b8ecf5bd892e14c763872e3d86c7270f4c778f822844209c83a69888a1,hybrid_bytetrack,C:\Users\ironh\Downloads\PIG_Behavior_Project\outputs\tracking\historical_h5b_h4_frozen_predictions_20260728\predictions\Pigs291119_000233_30fps.xml,5679becaa6663aeb740e49fc86e0c9cfcbf86d5d2f33d66dd385ba35f8554139,C:\Users\ironh\Downloads\PIG_Behavior_Project\data\annotations\tracking\Pigs291119_000233_30fps.xml,348f4ffa83ab7f7ac3c603a60a4f00528cf222d3f13129e2f04c399d7cb4158c,1117,1116,1118,1026,1208,30.0,3,3,identity-episode-v2-91fbe5d325dfeaf58e2f,ID_8,ID_1,NO_OR_UNKNOWN,WRONG_IDENTITY_MATCH,ALL_24_HYBRID_WRONG_ID_FRAMES; ALL_HYBRID_EPISODES,one wrong-ID animal-frame,HIGH,3,bf1578d69af61b8cddc198b84b6652c582c75a43384abbc9eb8b7cb71287707d
GT-AUDIT-0065,AUDIT-0101,Pigs291119_000233_30fps,C:\Users\ironh\Downloads\PIG_Behavior_Project\data\videos\Pigs291119_000233_30fps.mp4,24de02b8ecf5bd892e14c763872e3d86c7270f4c778f822844209c83a69888a1,realtime_fast,C:\Users\ironh\Downloads\PIG_Behavior_Project\outputs\tracking\reconciliation_state8_development_20260729_run2\predictions\realtime_fast\Pigs291119_000233_30fps.xml,86931197b5909999d65a24ca9d8ae3cd85b7107c93da40551db27c93460323d6,C:\Users\ironh\Downloads\PIG_Behavior_Project\data\annotations\tracking\Pigs291119_000233_30fps.xml,348f4ffa83ab7f7ac3c603a60a4f00528cf222d3f13129e2f04c399d7cb4158c,0,0,0,0,90,30.0,3,3,NOT_APPLICABLE,ID_1,ID_1,YES,HIDDEN_POLICY_SENSITIVITY_REFERENCE,HIDDEN_STATUS_MATERIALLY_CHANGES_ELIGIBILITY,population membership changes by policy,NORMAL,1,bf1578d69af61b8cddc198b84b6652c582c75a43384abbc9eb8b7cb71287707d
GT-AUDIT-0066,AUDIT-0047,Pigs291119_000233_30fps,C:\Users\ironh\Downloads\PIG_Behavior_Project\data\videos\Pigs291119_000233_30fps.mp4,24de02b8ecf5bd892e14c763872e3d86c7270f4c778f822844209c83a69888a1,realtime_fast,C:\Users\ironh\Downloads\PIG_Behavior_Project\outputs\tracking\reconciliation_state8_development_20260729_run2\predictions\realtime_fast\Pigs291119_000233_30fps.xml,86931197b5909999d65a24ca9d8ae3cd85b7107c93da40551db27c93460323d6,C:\Users\ironh\Downloads\PIG_Behavior_Project\data\annotations\tracking\Pigs291119_000233_30fps.xml,348f4ffa83ab7f7ac3c603a60a4f00528cf222d3f13129e2f04c399d7cb4158c,921,921,921,831,1011,30.0,3,3,identity-episode-v2-cf5e3af9a4d1d1a92854,ID_2,ID_8,YES,WRONG_IDENTITY_MATCH,STRATIFIED_RECOVERED_EPISODE_SAMPLE,one wrong-ID animal-frame,NORMAL,1,bf1578d69af61b8cddc198b84b6652c582c75a43384abbc9eb8b7cb71287707d
GT-AUDIT-0067,AUDIT-0034,Pigs291119_000233_30fps,C:\Users\ironh\Downloads\PIG_Behavior_Project\data\videos\Pigs291119_000233_30fps.mp4,24de02b8ecf5bd892e14c763872e3d86c7270f4c778f822844209c83a69888a1,realtime_fast,C:\Users\ironh\Downloads\PIG_Behavior_Project\outputs\tracking\reconciliation_state8_development_20260729_run2\predictions\realtime_fast\Pigs291119_000233_30fps.xml,86931197b5909999d65a24ca9d8ae3cd85b7107c93da40551db27c93460323d6,C:\Users\ironh\Downloads\PIG_Behavior_Project\data\annotations\tracking\Pigs291119_000233_30fps.xml,348f4ffa83ab7f7ac3c603a60a4f00528cf222d3f13129e2f04c399d7cb4158c,931,931,931,841,1021,30.0,3,3,identity-episode-v2-bef8764a9534575b1c78,ID_2,ID_1,YES,TERMINAL_IDENTITY_EPISODE,ALL_REALTIME_FAST_TERMINAL_EPISODES,one wrong-ID animal-frame,NORMAL,1,bf1578d69af61b8cddc198b84b6652c582c75a43384abbc9eb8b7cb71287707d
GT-AUDIT-0068,AUDIT-0033,Pigs291119_000233_30fps,C:\Users\ironh\Downloads\PIG_Behavior_Project\data\videos\Pigs291119_000233_30fps.mp4,24de02b8ecf5bd892e14c763872e3d86c7270f4c778f822844209c83a69888a1,realtime_fast,C:\Users\ironh\Downloads\PIG_Behavior_Project\outputs\tracking\reconciliation_state8_development_20260729_run2\predictions\realtime_fast\Pigs291119_000233_30fps.xml,86931197b5909999d65a24ca9d8ae3cd85b7107c93da40551db27c93460323d6,C:\Users\ironh\Downloads\PIG_Behavior_Project\data\annotations\tracking\Pigs291119_000233_30fps.xml,348f4ffa83ab7f7ac3c603a60a4f00528cf222d3f13129e2f04c399d7cb4158c,1096,1096,1096,1006,1186,30.0,3,3,identity-episode-v2-4d3f374e0c6369e4364e,ID_1,ID_2,NO_OR_UNKNOWN,TERMINAL_IDENTITY_EPISODE,ALL_REALTIME_FAST_TERMINAL_EPISODES,one wrong-ID animal-frame,NORMAL,1,bf1578d69af61b8cddc198b84b6652c582c75a43384abbc9eb8b7cb71287707d
GT-AUDIT-0069,AUDIT-0066,Pigs291119_000233_30fps,C:\Users\ironh\Downloads\PIG_Behavior_Project\data\videos\Pigs291119_000233_30fps.mp4,24de02b8ecf5bd892e14c763872e3d86c7270f4c778f822844209c83a69888a1,realtime_fast,C:\Users\ironh\Downloads\PIG_Behavior_Project\outputs\tracking\reconciliation_state8_development_20260729_run2\predictions\realtime_fast\Pigs291119_000233_30fps.xml,86931197b5909999d65a24ca9d8ae3cd85b7107c93da40551db27c93460323d6,C:\Users\ironh\Downloads\PIG_Behavior_Project\data\annotations\tracking\Pigs291119_000233_30fps.xml,348f4ffa83ab7f7ac3c603a60a4f00528cf222d3f13129e2f04c399d7cb4158c,1447,1096,1799,1006,1799,30.0,3,3,pairwise-swap-v2-63e61bbf628d9da264b2,"('ID_1', 'ID_2')",RECIPROCAL_PAIRWISE_SWAP,MIXED_OR_UNKNOWN,PERSISTENT_PAIRWISE_SWAP,ALL_PERSISTENT_SWAPS_EVERY_ACTIVE_METHOD,one persistent pairwise swap event,NORMAL,1,bf1578d69af61b8cddc198b84b6652c582c75a43384abbc9eb8b7cb71287707d
GT-AUDIT-0070,AUDIT-0112,Pigs291119_000233_30fps,C:\Users\ironh\Downloads\PIG_Behavior_Project\data\videos\Pigs291119_000233_30fps.mp4,24de02b8ecf5bd892e14c763872e3d86c7270f4c778f822844209c83a69888a1,rf_hybrid,C:\Users\ironh\Downloads\PIG_Behavior_Project\outputs\tracking\reconciliation_state8_development_20260729_run2\predictions\rf_hybrid\Pigs291119_000233_30fps.xml,d3e98fe2bbb2372fad04af9c37cea9af1039c54db0d747cfd6552f86c25a2546,C:\Users\ironh\Downloads\PIG_Behavior_Project\data\annotations\tracking\Pigs291119_000233_30fps.xml,348f4ffa83ab7f7ac3c603a60a4f00528cf222d3f13129e2f04c399d7cb4158c,0,0,0,0,90,30.0,3,3,NOT_APPLICABLE,ID_1,ID_1,YES,HIDDEN_POLICY_SENSITIVITY_REFERENCE,HIDDEN_STATUS_MATERIALLY_CHANGES_ELIGIBILITY,population membership changes by policy,NORMAL,1,bf1578d69af61b8cddc198b84b6652c582c75a43384abbc9eb8b7cb71287707d
GT-AUDIT-0071,AUDIT-0120,Pigs291119_000233_30fps,C:\Users\ironh\Downloads\PIG_Behavior_Project\data\videos\Pigs291119_000233_30fps.mp4,24de02b8ecf5bd892e14c763872e3d86c7270f4c778f822844209c83a69888a1,rf_hybrid,C:\Users\ironh\Downloads\PIG_Behavior_Project\outputs\tracking\reconciliation_state8_development_20260729_run2\predictions\rf_hybrid\Pigs291119_000233_30fps.xml,d3e98fe2bbb2372fad04af9c37cea9af1039c54db0d747cfd6552f86c25a2546,C:\Users\ironh\Downloads\PIG_Behavior_Project\data\annotations\tracking\Pigs291119_000233_30fps.xml,348f4ffa83ab7f7ac3c603a60a4f00528cf222d3f13129e2f04c399d7cb4158c,899,0,1799,0,1799,30.0,3,3,NOT_APPLICABLE,ALL,ALL,MIXED,INFLUENTIAL_CLUSTER,CONTRIBUTES_MOST_TO_PAIRED_HOTA_DIFFERENCE,largest leave-one-video HOTA mean influence,NORMAL,1,bf1578d69af61b8cddc198b84b6652c582c75a43384abbc9eb8b7cb71287707d
GT-AUDIT-0072,AUDIT-0080,Pigs291119_000263_30fps,C:\Users\ironh\Downloads\PIG_Behavior_Project\data\videos\Pigs291119_000263_30fps.mp4,24274a8c7e8638f223e11ddc7dce4632e1099a0c6ee200d1febda492315842ad,bytetrack_raw,C:\Users\ironh\Downloads\PIG_Behavior_Project\outputs\tracking\frozen_predictions_standard_v2_20260728_retry1\B0_bytetrack_raw\predictions\Pigs291119_000263_30fps.xml,94fadef73ac8679729aa349daaccddfb94fc9c6bf557a4a7d2622da4b8f52f95,C:\Users\ironh\Downloads\PIG_Behavior_Project\data\annotations\tracking\Tracking_annotation_Pigs291119_000263_30fps.xml,4636c3beb1d6e43a2c58dd45c050c62ee9d37d05010c26e578db1b9200ac21b8,0,0,0,0,90,30.0,3,3,NOT_APPLICABLE,ID_3,ID_3,YES,HIDDEN_POLICY_SENSITIVITY_REFERENCE,HIDDEN_STATUS_MATERIALLY_CHANGES_ELIGIBILITY,population membership changes by policy,NORMAL,1,bf1578d69af61b8cddc198b84b6652c582c75a43384abbc9eb8b7cb71287707d
GT-AUDIT-0073,AUDIT-0055,Pigs291119_000263_30fps,C:\Users\ironh\Downloads\PIG_Behavior_Project\data\videos\Pigs291119_000263_30fps.mp4,24274a8c7e8638f223e11ddc7dce4632e1099a0c6ee200d1febda492315842ad,bytetrack_raw,C:\Users\ironh\Downloads\PIG_Behavior_Project\outputs\tracking\frozen_predictions_standard_v2_20260728_retry1\B0_bytetrack_raw\predictions\Pigs291119_000263_30fps.xml,94fadef73ac8679729aa349daaccddfb94fc9c6bf557a4a7d2622da4b8f52f95,C:\Users\ironh\Downloads\PIG_Behavior_Project\data\annotations\tracking\Tracking_annotation_Pigs291119_000263_30fps.xml,4636c3beb1d6e43a2c58dd45c050c62ee9d37d05010c26e578db1b9200ac21b8,1093,387,1799,297,1799,30.0,3,3,pairwise-swap-v2-397469bb365707c85797,"('ID_4', 'ID_6')",RECIPROCAL_PAIRWISE_SWAP,MIXED_OR_UNKNOWN,PERSISTENT_PAIRWISE_SWAP,ALL_PERSISTENT_SWAPS_EVERY_ACTIVE_METHOD,one persistent pairwise swap event,NORMAL,1,bf1578d69af61b8cddc198b84b6652c582c75a43384abbc9eb8b7cb71287707d
GT-AUDIT-0074,AUDIT-0091,Pigs291119_000263_30fps,C:\Users\ironh\Downloads\PIG_Behavior_Project\data\videos\Pigs291119_000263_30fps.mp4,24274a8c7e8638f223e11ddc7dce4632e1099a0c6ee200d1febda492315842ad,hybrid_bytetrack,C:\Users\ironh\Downloads\PIG_Behavior_Project\outputs\tracking\historical_h5b_h4_frozen_predictions_20260728\predictions\Pigs291119_000263_30fps.xml,e3ff13df649d938d98441201dfb9097395433db9f57ff1a8b8e3fb82e13f721d,C:\Users\ironh\Downloads\PIG_Behavior_Project\data\annotations\tracking\Tracking_annotation_Pigs291119_000263_30fps.xml,4636c3beb1d6e43a2c58dd45c050c62ee9d37d05010c26e578db1b9200ac21b8,0,0,0,0,90,30.0,3,3,NOT_APPLICABLE,ID_3,ID_3,YES,HIDDEN_POLICY_SENSITIVITY_REFERENCE,HIDDEN_STATUS_MATERIALLY_CHANGES_ELIGIBILITY,population membership changes by policy,HIGH,1,bf1578d69af61b8cddc198b84b6652c582c75a43384abbc9eb8b7cb71287707d
GT-AUDIT-0075,AUDIT-0102,Pigs291119_000263_30fps,C:\Users\ironh\Downloads\PIG_Behavior_Project\data\videos\Pigs291119_000263_30fps.mp4,24274a8c7e8638f223e11ddc7dce4632e1099a0c6ee200d1febda492315842ad,realtime_fast,C:\Users\ironh\Downloads\PIG_Behavior_Project\outputs\tracking\reconciliation_state8_development_20260729_run2\predictions\realtime_fast\Pigs291119_000263_30fps.xml,f609e265dc5e33c41afb9501d23d606ec8f12ca1189465c154fd1da534a42ce5,C:\Users\ironh\Downloads\PIG_Behavior_Project\data\annotations\tracking\Tracking_annotation_Pigs291119_000263_30fps.xml,4636c3beb1d6e43a2c58dd45c050c62ee9d37d05010c26e578db1b9200ac21b8,0,0,0,0,90,30.0,3,3,NOT_APPLICABLE,ID_3,ID_3,YES,HIDDEN_POLICY_SENSITIVITY_REFERENCE,HIDDEN_STATUS_MATERIALLY_CHANGES_ELIGIBILITY,population membership changes by policy,NORMAL,1,bf1578d69af61b8cddc198b84b6652c582c75a43384abbc9eb8b7cb71287707d
GT-AUDIT-0076,AUDIT-0048,Pigs291119_000263_30fps,C:\Users\ironh\Downloads\PIG_Behavior_Project\data\videos\Pigs291119_000263_30fps.mp4,24274a8c7e8638f223e11ddc7dce4632e1099a0c6ee200d1febda492315842ad,realtime_fast,C:\Users\ironh\Downloads\PIG_Behavior_Project\outputs\tracking\reconciliation_state8_development_20260729_run2\predictions\realtime_fast\Pigs291119_000263_30fps.xml,f609e265dc5e33c41afb9501d23d606ec8f12ca1189465c154fd1da534a42ce5,C:\Users\ironh\Downloads\PIG_Behavior_Project\data\annotations\tracking\Tracking_annotation_Pigs291119_000263_30fps.xml,4636c3beb1d6e43a2c58dd45c050c62ee9d37d05010c26e578db1b9200ac21b8,388,388,388,298,478,30.0,3,3,identity-episode-v2-41023ea5a5f0749baa3a,ID_4,ID_7,YES,WRONG_IDENTITY_MATCH,STRATIFIED_RECOVERED_EPISODE_SAMPLE,one wrong-ID animal-frame,NORMAL,1,bf1578d69af61b8cddc198b84b6652c582c75a43384abbc9eb8b7cb71287707d
GT-AUDIT-0077,AUDIT-0113,Pigs291119_000263_30fps,C:\Users\ironh\Downloads\PIG_Behavior_Project\data\videos\Pigs291119_000263_30fps.mp4,24274a8c7e8638f223e11ddc7dce4632e1099a0c6ee200d1febda492315842ad,rf_hybrid,C:\Users\ironh\Downloads\PIG_Behavior_Project\outputs\tracking\reconciliation_state8_development_20260729_run2\predictions\rf_hybrid\Pigs291119_000263_30fps.xml,db11f61852b3301dee87e385ba9176d058d3ba6329e5f1b223c1505f4eb945d4,C:\Users\ironh\Downloads\PIG_Behavior_Project\data\annotations\tracking\Tracking_annotation_Pigs291119_000263_30fps.xml,4636c3beb1d6e43a2c58dd45c050c62ee9d37d05010c26e578db1b9200ac21b8,0,0,0,0,90,30.0,3,3,NOT_APPLICABLE,ID_3,ID_3,YES,HIDDEN_POLICY_SENSITIVITY_REFERENCE,HIDDEN_STATUS_MATERIALLY_CHANGES_ELIGIBILITY,population membership changes by policy,NORMAL,1,bf1578d69af61b8cddc198b84b6652c582c75a43384abbc9eb8b7cb71287707d
GT-AUDIT-0078,AUDIT-0050,Pigs291119_000263_30fps,C:\Users\ironh\Downloads\PIG_Behavior_Project\data\videos\Pigs291119_000263_30fps.mp4,24274a8c7e8638f223e11ddc7dce4632e1099a0c6ee200d1febda492315842ad,rf_hybrid,C:\Users\ironh\Downloads\PIG_Behavior_Project\outputs\tracking\reconciliation_state8_development_20260729_run2\predictions\rf_hybrid\Pigs291119_000263_30fps.xml,db11f61852b3301dee87e385ba9176d058d3ba6329e5f1b223c1505f4eb945d4,C:\Users\ironh\Downloads\PIG_Behavior_Project\data\annotations\tracking\Tracking_annotation_Pigs291119_000263_30fps.xml,4636c3beb1d6e43a2c58dd45c050c62ee9d37d05010c26e578db1b9200ac21b8,409,409,409,319,499,30.0,3,3,identity-episode-v2-fd1eaf2a5a181ed4104a,ID_4,ID_7,NO_OR_UNKNOWN,WRONG_IDENTITY_MATCH,STRATIFIED_RECOVERED_EPISODE_SAMPLE,one wrong-ID animal-frame,NORMAL,1,bf1578d69af61b8cddc198b84b6652c582c75a43384abbc9eb8b7cb71287707d
GT-AUDIT-0079,AUDIT-0072,Pigs291119_000263_30fps,C:\Users\ironh\Downloads\PIG_Behavior_Project\data\videos\Pigs291119_000263_30fps.mp4,24274a8c7e8638f223e11ddc7dce4632e1099a0c6ee200d1febda492315842ad,rf_hybrid,C:\Users\ironh\Downloads\PIG_Behavior_Project\outputs\tracking\reconciliation_state8_development_20260729_run2\predictions\rf_hybrid\Pigs291119_000263_30fps.xml,db11f61852b3301dee87e385ba9176d058d3ba6329e5f1b223c1505f4eb945d4,C:\Users\ironh\Downloads\PIG_Behavior_Project\data\annotations\tracking\Tracking_annotation_Pigs291119_000263_30fps.xml,4636c3beb1d6e43a2c58dd45c050c62ee9d37d05010c26e578db1b9200ac21b8,721,409,1033,319,1123,30.0,3,3,pairwise-swap-v2-beb6b50bdd84c1769d2b,"('ID_4', 'ID_6')",RECIPROCAL_PAIRWISE_SWAP,MIXED_OR_UNKNOWN,PERSISTENT_PAIRWISE_SWAP,ALL_PERSISTENT_SWAPS_EVERY_ACTIVE_METHOD,one persistent pairwise swap event,NORMAL,1,bf1578d69af61b8cddc198b84b6652c582c75a43384abbc9eb8b7cb71287707d
GT-AUDIT-0080,AUDIT-0081,Pigs291119_000302_30fps,C:\Users\ironh\Downloads\PIG_Behavior_Project\data\videos\Pigs291119_000302_30fps.mp4,e0bb596422f1061916518f938a060b315655b583c6fc26c50e2324bc31314f8f,bytetrack_raw,C:\Users\ironh\Downloads\PIG_Behavior_Project\outputs\tracking\frozen_predictions_standard_v2_20260728_retry1\B0_bytetrack_raw\predictions\Pigs291119_000302_30fps.xml,e5c0f87e00060284e0ef2fc8520275ea45318b2d2925f8e9e5217118f43ed389,C:\Users\ironh\Downloads\PIG_Behavior_Project\data\annotations\tracking\Pigs291119_000302_30fps.xml,e50e8b03e72c5aa78bba6568ce233522129cae4d263b3864c6ad90bdd3b31582,482,482,482,392,572,30.0,3,3,NOT_APPLICABLE,ID_8,ID_8,YES,HIDDEN_POLICY_SENSITIVITY_REFERENCE,HIDDEN_STATUS_MATERIALLY_CHANGES_ELIGIBILITY,population membership changes by policy,NORMAL,1,bf1578d69af61b8cddc198b84b6652c582c75a43384abbc9eb8b7cb71287707d
GT-AUDIT-0081,AUDIT-0056,Pigs291119_000302_30fps,C:\Users\ironh\Downloads\PIG_Behavior_Project\data\videos\Pigs291119_000302_30fps.mp4,e0bb596422f1061916518f938a060b315655b583c6fc26c50e2324bc31314f8f,bytetrack_raw,C:\Users\ironh\Downloads\PIG_Behavior_Project\outputs\tracking\frozen_predictions_standard_v2_20260728_retry1\B0_bytetrack_raw\predictions\Pigs291119_000302_30fps.xml,e5c0f87e00060284e0ef2fc8520275ea45318b2d2925f8e9e5217118f43ed389,C:\Users\ironh\Downloads\PIG_Behavior_Project\data\annotations\tracking\Pigs291119_000302_30fps.xml,e50e8b03e72c5aa78bba6568ce233522129cae4d263b3864c6ad90bdd3b31582,1179,559,1799,469,1799,30.0,3,3,pairwise-swap-v2-e6b0bfe2b068b3f92278,"('ID_4', 'ID_8')",RECIPROCAL_PAIRWISE_SWAP,MIXED_OR_UNKNOWN,PERSISTENT_PAIRWISE_SWAP,ALL_PERSISTENT_SWAPS_EVERY_ACTIVE_METHOD,one persistent pairwise swap event,NORMAL,1,bf1578d69af61b8cddc198b84b6652c582c75a43384abbc9eb8b7cb71287707d
GT-AUDIT-0082,AUDIT-0092,Pigs291119_000302_30fps,C:\Users\ironh\Downloads\PIG_Behavior_Project\data\videos\Pigs291119_000302_30fps.mp4,e0bb596422f1061916518f938a060b315655b583c6fc26c50e2324bc31314f8f,hybrid_bytetrack,C:\Users\ironh\Downloads\PIG_Behavior_Project\outputs\tracking\historical_h5b_h4_frozen_predictions_20260728\predictions\Pigs291119_000302_30fps.xml,4bd6fb32d7b2c09abc16f71955866e1703b1641a1b046b88a2e6b87c10b8f116,C:\Users\ironh\Downloads\PIG_Behavior_Project\data\annotations\tracking\Pigs291119_000302_30fps.xml,e50e8b03e72c5aa78bba6568ce233522129cae4d263b3864c6ad90bdd3b31582,482,482,482,392,572,30.0,3,3,NOT_APPLICABLE,ID_8,ID_8,YES,HIDDEN_POLICY_SENSITIVITY_REFERENCE,HIDDEN_STATUS_MATERIALLY_CHANGES_ELIGIBILITY,population membership changes by policy,HIGH,1,bf1578d69af61b8cddc198b84b6652c582c75a43384abbc9eb8b7cb71287707d
GT-AUDIT-0083,AUDIT-0103,Pigs291119_000302_30fps,C:\Users\ironh\Downloads\PIG_Behavior_Project\data\videos\Pigs291119_000302_30fps.mp4,e0bb596422f1061916518f938a060b315655b583c6fc26c50e2324bc31314f8f,realtime_fast,C:\Users\ironh\Downloads\PIG_Behavior_Project\outputs\tracking\reconciliation_state8_development_20260729_run2\predictions\realtime_fast\Pigs291119_000302_30fps.xml,260bb46fda262333762b22352532caf68e42c1369ae19d3007f045868cf6a5da,C:\Users\ironh\Downloads\PIG_Behavior_Project\data\annotations\tracking\Pigs291119_000302_30fps.xml,e50e8b03e72c5aa78bba6568ce233522129cae4d263b3864c6ad90bdd3b31582,482,482,482,392,572,30.0,3,3,NOT_APPLICABLE,ID_8,ID_8,YES,HIDDEN_POLICY_SENSITIVITY_REFERENCE,HIDDEN_STATUS_MATERIALLY_CHANGES_ELIGIBILITY,population membership changes by policy,NORMAL,1,bf1578d69af61b8cddc198b84b6652c582c75a43384abbc9eb8b7cb71287707d
GT-AUDIT-0084,AUDIT-0114,Pigs291119_000302_30fps,C:\Users\ironh\Downloads\PIG_Behavior_Project\data\videos\Pigs291119_000302_30fps.mp4,e0bb596422f1061916518f938a060b315655b583c6fc26c50e2324bc31314f8f,rf_hybrid,C:\Users\ironh\Downloads\PIG_Behavior_Project\outputs\tracking\reconciliation_state8_development_20260729_run2\predictions\rf_hybrid\Pigs291119_000302_30fps.xml,b308d430f40f3baf2c04e3a8b0438e9a0fa4bab653577a42068ed61431a2c5e3,C:\Users\ironh\Downloads\PIG_Behavior_Project\data\annotations\tracking\Pigs291119_000302_30fps.xml,e50e8b03e72c5aa78bba6568ce233522129cae4d263b3864c6ad90bdd3b31582,482,482,482,392,572,30.0,3,3,NOT_APPLICABLE,ID_8,ID_8,YES,HIDDEN_POLICY_SENSITIVITY_REFERENCE,HIDDEN_STATUS_MATERIALLY_CHANGES_ELIGIBILITY,population membership changes by policy,NORMAL,1,bf1578d69af61b8cddc198b84b6652c582c75a43384abbc9eb8b7cb71287707d
GT-AUDIT-0085,AUDIT-0039,Pigs301119_000327_30fps,C:\Users\ironh\Downloads\PIG_Behavior_Project\data\videos\Pigs301119_000327_30fps.mp4,3b415b115c786f261a37d4f47fecdf8c50306d897e4f6b5b13e7acc13114fb42,bytetrack_raw,C:\Users\ironh\Downloads\PIG_Behavior_Project\outputs\tracking\frozen_predictions_standard_v2_20260728_retry1\B0_bytetrack_raw\predictions\Pigs301119_000327_30fps.xml,9b143ccad47808879b3c7820ea7f26cc988702e38e83942a8aa5c67d3e28ca9c,C:\Users\ironh\Downloads\PIG_Behavior_Project\data\annotations\tracking\Pigs301119_000327_30fps.xml,00eaf567154f1854c9c7ef866353e8db2af3d1329a5e54c70a36a8ccb97dc1b6,142,142,142,52,232,30.0,3,3,identity-episode-v2-42d03edea04222bff88d,ID_1,ID_7,NO_OR_UNKNOWN,WRONG_IDENTITY_MATCH,LONGEST_BYTETRACK_RAW_WRONG_ID_EPISODE,one wrong-ID animal-frame,NORMAL,1,bf1578d69af61b8cddc198b84b6652c582c75a43384abbc9eb8b7cb71287707d
GT-AUDIT-0086,AUDIT-0040,Pigs301119_000327_30fps,C:\Users\ironh\Downloads\PIG_Behavior_Project\data\videos\Pigs301119_000327_30fps.mp4,3b415b115c786f261a37d4f47fecdf8c50306d897e4f6b5b13e7acc13114fb42,bytetrack_raw,C:\Users\ironh\Downloads\PIG_Behavior_Project\outputs\tracking\frozen_predictions_standard_v2_20260728_retry1\B0_bytetrack_raw\predictions\Pigs301119_000327_30fps.xml,9b143ccad47808879b3c7820ea7f26cc988702e38e83942a8aa5c67d3e28ca9c,C:\Users\ironh\Downloads\PIG_Behavior_Project\data\annotations\tracking\Pigs301119_000327_30fps.xml,00eaf567154f1854c9c7ef866353e8db2af3d1329a5e54c70a36a8ccb97dc1b6,145,145,145,55,235,30.0,3,3,identity-episode-v2-3b0ea550e99919a89960,ID_7,ID_1,NO_OR_UNKNOWN,WRONG_IDENTITY_MATCH,LONGEST_BYTETRACK_RAW_WRONG_ID_EPISODE,one wrong-ID animal-frame,NORMAL,1,bf1578d69af61b8cddc198b84b6652c582c75a43384abbc9eb8b7cb71287707d
GT-AUDIT-0087,AUDIT-0057,Pigs301119_000327_30fps,C:\Users\ironh\Downloads\PIG_Behavior_Project\data\videos\Pigs301119_000327_30fps.mp4,3b415b115c786f261a37d4f47fecdf8c50306d897e4f6b5b13e7acc13114fb42,bytetrack_raw,C:\Users\ironh\Downloads\PIG_Behavior_Project\outputs\tracking\frozen_predictions_standard_v2_20260728_retry1\B0_bytetrack_raw\predictions\Pigs301119_000327_30fps.xml,9b143ccad47808879b3c7820ea7f26cc988702e38e83942a8aa5c67d3e28ca9c,C:\Users\ironh\Downloads\PIG_Behavior_Project\data\annotations\tracking\Pigs301119_000327_30fps.xml,00eaf567154f1854c9c7ef866353e8db2af3d1329a5e54c70a36a8ccb97dc1b6,972,145,1799,55,1799,30.0,3,3,pairwise-swap-v2-061bad1b6a8e8e23f065,"('ID_1', 'ID_7')",RECIPROCAL_PAIRWISE_SWAP,MIXED_OR_UNKNOWN,PERSISTENT_PAIRWISE_SWAP,ALL_PERSISTENT_SWAPS_EVERY_ACTIVE_METHOD,one persistent pairwise swap event,NORMAL,1,bf1578d69af61b8cddc198b84b6652c582c75a43384abbc9eb8b7cb71287707d
GT-AUDIT-0088,AUDIT-0082,Pigs301119_000327_30fps,C:\Users\ironh\Downloads\PIG_Behavior_Project\data\videos\Pigs301119_000327_30fps.mp4,3b415b115c786f261a37d4f47fecdf8c50306d897e4f6b5b13e7acc13114fb42,bytetrack_raw,C:\Users\ironh\Downloads\PIG_Behavior_Project\outputs\tracking\frozen_predictions_standard_v2_20260728_retry1\B0_bytetrack_raw\predictions\Pigs301119_000327_30fps.xml,9b143ccad47808879b3c7820ea7f26cc988702e38e83942a8aa5c67d3e28ca9c,C:\Users\ironh\Downloads\PIG_Behavior_Project\data\annotations\tracking\Pigs301119_000327_30fps.xml,00eaf567154f1854c9c7ef866353e8db2af3d1329a5e54c70a36a8ccb97dc1b6,731,731,731,641,821,30.0,3,3,NOT_APPLICABLE,ID_6,ID_6,YES,HIDDEN_POLICY_SENSITIVITY_REFERENCE,HIDDEN_STATUS_MATERIALLY_CHANGES_ELIGIBILITY,population membership changes by policy,NORMAL,1,bf1578d69af61b8cddc198b84b6652c582c75a43384abbc9eb8b7cb71287707d
GT-AUDIT-0089,AUDIT-0093,Pigs301119_000327_30fps,C:\Users\ironh\Downloads\PIG_Behavior_Project\data\videos\Pigs301119_000327_30fps.mp4,3b415b115c786f261a37d4f47fecdf8c50306d897e4f6b5b13e7acc13114fb42,hybrid_bytetrack,C:\Users\ironh\Downloads\PIG_Behavior_Project\outputs\tracking\historical_h5b_h4_frozen_predictions_20260728\predictions\Pigs301119_000327_30fps.xml,a799cb5bf51633932bc17b2bc49092476051eec98fd33a6e63305f1302af2fbe,C:\Users\ironh\Downloads\PIG_Behavior_Project\data\annotations\tracking\Pigs301119_000327_30fps.xml,00eaf567154f1854c9c7ef866353e8db2af3d1329a5e54c70a36a8ccb97dc1b6,731,731,731,641,821,30.0,3,3,NOT_APPLICABLE,ID_6,ID_6,YES,HIDDEN_POLICY_SENSITIVITY_REFERENCE,HIDDEN_STATUS_MATERIALLY_CHANGES_ELIGIBILITY,population membership changes by policy,HIGH,1,bf1578d69af61b8cddc198b84b6652c582c75a43384abbc9eb8b7cb71287707d
GT-AUDIT-0090,AUDIT-0104,Pigs301119_000327_30fps,C:\Users\ironh\Downloads\PIG_Behavior_Project\data\videos\Pigs301119_000327_30fps.mp4,3b415b115c786f261a37d4f47fecdf8c50306d897e4f6b5b13e7acc13114fb42,realtime_fast,C:\Users\ironh\Downloads\PIG_Behavior_Project\outputs\tracking\reconciliation_state8_development_20260729_run2\predictions\realtime_fast\Pigs301119_000327_30fps.xml,1752f63c6cf9b749a89395de667317d487d2f35004bf84ba7887a0a962880b94,C:\Users\ironh\Downloads\PIG_Behavior_Project\data\annotations\tracking\Pigs301119_000327_30fps.xml,00eaf567154f1854c9c7ef866353e8db2af3d1329a5e54c70a36a8ccb97dc1b6,731,731,731,641,821,30.0,3,3,NOT_APPLICABLE,ID_6,ID_6,YES,HIDDEN_POLICY_SENSITIVITY_REFERENCE,HIDDEN_STATUS_MATERIALLY_CHANGES_ELIGIBILITY,population membership changes by policy,NORMAL,1,bf1578d69af61b8cddc198b84b6652c582c75a43384abbc9eb8b7cb71287707d
GT-AUDIT-0091,AUDIT-0036,Pigs301119_000327_30fps,C:\Users\ironh\Downloads\PIG_Behavior_Project\data\videos\Pigs301119_000327_30fps.mp4,3b415b115c786f261a37d4f47fecdf8c50306d897e4f6b5b13e7acc13114fb42,realtime_fast,C:\Users\ironh\Downloads\PIG_Behavior_Project\outputs\tracking\reconciliation_state8_development_20260729_run2\predictions\realtime_fast\Pigs301119_000327_30fps.xml,1752f63c6cf9b749a89395de667317d487d2f35004bf84ba7887a0a962880b94,C:\Users\ironh\Downloads\PIG_Behavior_Project\data\annotations\tracking\Pigs301119_000327_30fps.xml,00eaf567154f1854c9c7ef866353e8db2af3d1329a5e54c70a36a8ccb97dc1b6,1653,1653,1653,1563,1743,30.0,3,3,identity-episode-v2-28494e782042d528edb7,ID_7,ID_6,NO_OR_UNKNOWN,TERMINAL_IDENTITY_EPISODE,ALL_REALTIME_FAST_TERMINAL_EPISODES,one wrong-ID animal-frame,NORMAL,1,bf1578d69af61b8cddc198b84b6652c582c75a43384abbc9eb8b7cb71287707d
GT-AUDIT-0092,AUDIT-0035,Pigs301119_000327_30fps,C:\Users\ironh\Downloads\PIG_Behavior_Project\data\videos\Pigs301119_000327_30fps.mp4,3b415b115c786f261a37d4f47fecdf8c50306d897e4f6b5b13e7acc13114fb42,realtime_fast,C:\Users\ironh\Downloads\PIG_Behavior_Project\outputs\tracking\reconciliation_state8_development_20260729_run2\predictions\realtime_fast\Pigs301119_000327_30fps.xml,1752f63c6cf9b749a89395de667317d487d2f35004bf84ba7887a0a962880b94,C:\Users\ironh\Downloads\PIG_Behavior_Project\data\annotations\tracking\Pigs301119_000327_30fps.xml,00eaf567154f1854c9c7ef866353e8db2af3d1329a5e54c70a36a8ccb97dc1b6,1656,1656,1656,1566,1746,30.0,3,3,identity-episode-v2-7b8a510979a0f4256bf7,ID_6,ID_7,NO_OR_UNKNOWN,TERMINAL_IDENTITY_EPISODE,ALL_REALTIME_FAST_TERMINAL_EPISODES,one wrong-ID animal-frame,NORMAL,1,bf1578d69af61b8cddc198b84b6652c582c75a43384abbc9eb8b7cb71287707d
GT-AUDIT-0093,AUDIT-0067,Pigs301119_000327_30fps,C:\Users\ironh\Downloads\PIG_Behavior_Project\data\videos\Pigs301119_000327_30fps.mp4,3b415b115c786f261a37d4f47fecdf8c50306d897e4f6b5b13e7acc13114fb42,realtime_fast,C:\Users\ironh\Downloads\PIG_Behavior_Project\outputs\tracking\reconciliation_state8_development_20260729_run2\predictions\realtime_fast\Pigs301119_000327_30fps.xml,1752f63c6cf9b749a89395de667317d487d2f35004bf84ba7887a0a962880b94,C:\Users\ironh\Downloads\PIG_Behavior_Project\data\annotations\tracking\Pigs301119_000327_30fps.xml,00eaf567154f1854c9c7ef866353e8db2af3d1329a5e54c70a36a8ccb97dc1b6,1727,1656,1799,1566,1799,30.0,3,3,pairwise-swap-v2-fcde8d6ed0b8f61ddfe8,"('ID_6', 'ID_7')",RECIPROCAL_PAIRWISE_SWAP,MIXED_OR_UNKNOWN,PERSISTENT_PAIRWISE_SWAP,ALL_PERSISTENT_SWAPS_EVERY_ACTIVE_METHOD,one persistent pairwise swap event,NORMAL,1,bf1578d69af61b8cddc198b84b6652c582c75a43384abbc9eb8b7cb71287707d
GT-AUDIT-0094,AUDIT-0115,Pigs301119_000327_30fps,C:\Users\ironh\Downloads\PIG_Behavior_Project\data\videos\Pigs301119_000327_30fps.mp4,3b415b115c786f261a37d4f47fecdf8c50306d897e4f6b5b13e7acc13114fb42,rf_hybrid,C:\Users\ironh\Downloads\PIG_Behavior_Project\outputs\tracking\reconciliation_state8_development_20260729_run2\predictions\rf_hybrid\Pigs301119_000327_30fps.xml,5653ba0a34448b60fb97e2e377d5f544f6ff9e06f2bf88a10ec22144af492710,C:\Users\ironh\Downloads\PIG_Behavior_Project\data\annotations\tracking\Pigs301119_000327_30fps.xml,00eaf567154f1854c9c7ef866353e8db2af3d1329a5e54c70a36a8ccb97dc1b6,731,731,731,641,821,30.0,3,3,NOT_APPLICABLE,ID_6,ID_6,YES,HIDDEN_POLICY_SENSITIVITY_REFERENCE,HIDDEN_STATUS_MATERIALLY_CHANGES_ELIGIBILITY,population membership changes by policy,NORMAL,1,bf1578d69af61b8cddc198b84b6652c582c75a43384abbc9eb8b7cb71287707d
GT-AUDIT-0095,AUDIT-0073,Pigs301119_000327_30fps,C:\Users\ironh\Downloads\PIG_Behavior_Project\data\videos\Pigs301119_000327_30fps.mp4,3b415b115c786f261a37d4f47fecdf8c50306d897e4f6b5b13e7acc13114fb42,rf_hybrid,C:\Users\ironh\Downloads\PIG_Behavior_Project\outputs\tracking\reconciliation_state8_development_20260729_run2\predictions\rf_hybrid\Pigs301119_000327_30fps.xml,5653ba0a34448b60fb97e2e377d5f544f6ff9e06f2bf88a10ec22144af492710,C:\Users\ironh\Downloads\PIG_Behavior_Project\data\annotations\tracking\Pigs301119_000327_30fps.xml,00eaf567154f1854c9c7ef866353e8db2af3d1329a5e54c70a36a8ccb97dc1b6,1725,1652,1799,1562,1799,30.0,3,3,pairwise-swap-v2-10f76b27b75ef341ad7e,"('ID_6', 'ID_7')",RECIPROCAL_PAIRWISE_SWAP,MIXED_OR_UNKNOWN,PERSISTENT_PAIRWISE_SWAP,ALL_PERSISTENT_SWAPS_EVERY_ACTIVE_METHOD,one persistent pairwise swap event,NORMAL,1,bf1578d69af61b8cddc198b84b6652c582c75a43384abbc9eb8b7cb71287707d
GT-AUDIT-0096,AUDIT-0083,Pigs301119_000328_30fps,C:\Users\ironh\Downloads\PIG_Behavior_Project\data\videos\Pigs301119_000328_30fps.mp4,7e8ca6981d8c05be0967475f71ad5360dcb0e58e05213828f497f4bc2c61772b,bytetrack_raw,C:\Users\ironh\Downloads\PIG_Behavior_Project\outputs\tracking\frozen_predictions_standard_v2_20260728_retry1\B0_bytetrack_raw\predictions\Pigs301119_000328_30fps.xml,e1bbcd32794c2bdb37dd7984bb85a22207ab00d11a962300bbd64ed470e95e42,C:\Users\ironh\Downloads\PIG_Behavior_Project\data\annotations\tracking\Pigs301119_000328_30fps.xml,2e00b57423688ee74e1228e75f7ba13d0a4ecc05ed5a5f0295d92e68fe2f5f76,753,753,753,663,843,30.0,3,3,NOT_APPLICABLE,ID_4,ID_4,YES,HIDDEN_POLICY_SENSITIVITY_REFERENCE,HIDDEN_STATUS_MATERIALLY_CHANGES_ELIGIBILITY,population membership changes by policy,NORMAL,1,bf1578d69af61b8cddc198b84b6652c582c75a43384abbc9eb8b7cb71287707d
GT-AUDIT-0097,AUDIT-0058,Pigs301119_000328_30fps,C:\Users\ironh\Downloads\PIG_Behavior_Project\data\videos\Pigs301119_000328_30fps.mp4,7e8ca6981d8c05be0967475f71ad5360dcb0e58e05213828f497f4bc2c61772b,bytetrack_raw,C:\Users\ironh\Downloads\PIG_Behavior_Project\outputs\tracking\frozen_predictions_standard_v2_20260728_retry1\B0_bytetrack_raw\predictions\Pigs301119_000328_30fps.xml,e1bbcd32794c2bdb37dd7984bb85a22207ab00d11a962300bbd64ed470e95e42,C:\Users\ironh\Downloads\PIG_Behavior_Project\data\annotations\tracking\Pigs301119_000328_30fps.xml,2e00b57423688ee74e1228e75f7ba13d0a4ecc05ed5a5f0295d92e68fe2f5f76,1398,1360,1437,1270,1527,30.0,3,3,pairwise-swap-v2-58d819375a5a259d39f0,"('ID_5', 'ID_7')",RECIPROCAL_PAIRWISE_SWAP,MIXED_OR_UNKNOWN,PERSISTENT_PAIRWISE_SWAP,ALL_PERSISTENT_SWAPS_EVERY_ACTIVE_METHOD,one persistent pairwise swap event,NORMAL,1,bf1578d69af61b8cddc198b84b6652c582c75a43384abbc9eb8b7cb71287707d
GT-AUDIT-0098,AUDIT-0094,Pigs301119_000328_30fps,C:\Users\ironh\Downloads\PIG_Behavior_Project\data\videos\Pigs301119_000328_30fps.mp4,7e8ca6981d8c05be0967475f71ad5360dcb0e58e05213828f497f4bc2c61772b,hybrid_bytetrack,C:\Users\ironh\Downloads\PIG_Behavior_Project\outputs\tracking\historical_h5b_h4_frozen_predictions_20260728\predictions\Pigs301119_000328_30fps.xml,bd206b064844323793160b737dec705258060edc8314927d4badc802e6d806d8,C:\Users\ironh\Downloads\PIG_Behavior_Project\data\annotations\tracking\Pigs301119_000328_30fps.xml,2e00b57423688ee74e1228e75f7ba13d0a4ecc05ed5a5f0295d92e68fe2f5f76,753,753,753,663,843,30.0,3,3,NOT_APPLICABLE,ID_4,ID_4,YES,HIDDEN_POLICY_SENSITIVITY_REFERENCE,HIDDEN_STATUS_MATERIALLY_CHANGES_ELIGIBILITY,population membership changes by policy,HIGH,1,bf1578d69af61b8cddc198b84b6652c582c75a43384abbc9eb8b7cb71287707d
GT-AUDIT-0099,AUDIT-0105,Pigs301119_000328_30fps,C:\Users\ironh\Downloads\PIG_Behavior_Project\data\videos\Pigs301119_000328_30fps.mp4,7e8ca6981d8c05be0967475f71ad5360dcb0e58e05213828f497f4bc2c61772b,realtime_fast,C:\Users\ironh\Downloads\PIG_Behavior_Project\outputs\tracking\reconciliation_state8_development_20260729_run2\predictions\realtime_fast\Pigs301119_000328_30fps.xml,938c7c454bd9e4a26adb4a28c5d75c1c6599852085f0f2d9d5e623d7e30e66a7,C:\Users\ironh\Downloads\PIG_Behavior_Project\data\annotations\tracking\Pigs301119_000328_30fps.xml,2e00b57423688ee74e1228e75f7ba13d0a4ecc05ed5a5f0295d92e68fe2f5f76,753,753,753,663,843,30.0,3,3,NOT_APPLICABLE,ID_4,ID_4,YES,HIDDEN_POLICY_SENSITIVITY_REFERENCE,HIDDEN_STATUS_MATERIALLY_CHANGES_ELIGIBILITY,population membership changes by policy,NORMAL,1,bf1578d69af61b8cddc198b84b6652c582c75a43384abbc9eb8b7cb71287707d
GT-AUDIT-0100,AUDIT-0116,Pigs301119_000328_30fps,C:\Users\ironh\Downloads\PIG_Behavior_Project\data\videos\Pigs301119_000328_30fps.mp4,7e8ca6981d8c05be0967475f71ad5360dcb0e58e05213828f497f4bc2c61772b,rf_hybrid,C:\Users\ironh\Downloads\PIG_Behavior_Project\outputs\tracking\reconciliation_state8_development_20260729_run2\predictions\rf_hybrid\Pigs301119_000328_30fps.xml,8609e55644174eb40fbbb2f62253ccd4ee71df016d548c0c9d2bf5ac83cf14e3,C:\Users\ironh\Downloads\PIG_Behavior_Project\data\annotations\tracking\Pigs301119_000328_30fps.xml,2e00b57423688ee74e1228e75f7ba13d0a4ecc05ed5a5f0295d92e68fe2f5f76,753,753,753,663,843,30.0,3,3,NOT_APPLICABLE,ID_4,ID_4,YES,HIDDEN_POLICY_SENSITIVITY_REFERENCE,HIDDEN_STATUS_MATERIALLY_CHANGES_ELIGIBILITY,population membership changes by policy,NORMAL,1,bf1578d69af61b8cddc198b84b6652c582c75a43384abbc9eb8b7cb71287707d
GT-AUDIT-0101,AUDIT-0084,Pigs301119_000329_30fps,C:\Users\ironh\Downloads\PIG_Behavior_Project\data\videos\Pigs301119_000329_30fps.mp4,7173ee0243f6bfeb27eb965fbe4305201a4c3160611c250130670fab3af86bff,bytetrack_raw,C:\Users\ironh\Downloads\PIG_Behavior_Project\outputs\tracking\frozen_predictions_standard_v2_20260728_retry1\B0_bytetrack_raw\predictions\Pigs301119_000329_30fps.xml,23d308eba324ef84991871ae755877dabcef4d2e4352fab54405da8ef83195a4,C:\Users\ironh\Downloads\PIG_Behavior_Project\data\annotations\tracking\Pigs301119_000329_30fps.xml,7f65df1f636b671e4eb720082d80e5d493a67619bc0f5b331c7da4715e6285a3,1314,1314,1314,1224,1404,30.0,3,3,NOT_APPLICABLE,ID_3,ID_3,YES,HIDDEN_POLICY_SENSITIVITY_REFERENCE,HIDDEN_STATUS_MATERIALLY_CHANGES_ELIGIBILITY,population membership changes by policy,NORMAL,1,bf1578d69af61b8cddc198b84b6652c582c75a43384abbc9eb8b7cb71287707d
GT-AUDIT-0102,AUDIT-0059,Pigs301119_000329_30fps,C:\Users\ironh\Downloads\PIG_Behavior_Project\data\videos\Pigs301119_000329_30fps.mp4,7173ee0243f6bfeb27eb965fbe4305201a4c3160611c250130670fab3af86bff,bytetrack_raw,C:\Users\ironh\Downloads\PIG_Behavior_Project\outputs\tracking\frozen_predictions_standard_v2_20260728_retry1\B0_bytetrack_raw\predictions\Pigs301119_000329_30fps.xml,23d308eba324ef84991871ae755877dabcef4d2e4352fab54405da8ef83195a4,C:\Users\ironh\Downloads\PIG_Behavior_Project\data\annotations\tracking\Pigs301119_000329_30fps.xml,7f65df1f636b671e4eb720082d80e5d493a67619bc0f5b331c7da4715e6285a3,1757,1716,1799,1626,1799,30.0,3,3,pairwise-swap-v2-6cd2913deecb035d3110,"('ID_1', 'ID_4')",RECIPROCAL_PAIRWISE_SWAP,MIXED_OR_UNKNOWN,PERSISTENT_PAIRWISE_SWAP,ALL_PERSISTENT_SWAPS_EVERY_ACTIVE_METHOD,one persistent pairwise swap event,NORMAL,1,bf1578d69af61b8cddc198b84b6652c582c75a43384abbc9eb8b7cb71287707d
GT-AUDIT-0103,AUDIT-0095,Pigs301119_000329_30fps,C:\Users\ironh\Downloads\PIG_Behavior_Project\data\videos\Pigs301119_000329_30fps.mp4,7173ee0243f6bfeb27eb965fbe4305201a4c3160611c250130670fab3af86bff,hybrid_bytetrack,C:\Users\ironh\Downloads\PIG_Behavior_Project\outputs\tracking\historical_h5b_h4_frozen_predictions_20260728\predictions\Pigs301119_000329_30fps.xml,975615233eba02ee5747d2440ebd6d598d7a4909b98f000e1c56c79f2a19fc74,C:\Users\ironh\Downloads\PIG_Behavior_Project\data\annotations\tracking\Pigs301119_000329_30fps.xml,7f65df1f636b671e4eb720082d80e5d493a67619bc0f5b331c7da4715e6285a3,1314,1314,1314,1224,1404,30.0,3,3,NOT_APPLICABLE,ID_3,ID_3,YES,HIDDEN_POLICY_SENSITIVITY_REFERENCE,HIDDEN_STATUS_MATERIALLY_CHANGES_ELIGIBILITY,population membership changes by policy,HIGH,1,bf1578d69af61b8cddc198b84b6652c582c75a43384abbc9eb8b7cb71287707d
GT-AUDIT-0104,AUDIT-0106,Pigs301119_000329_30fps,C:\Users\ironh\Downloads\PIG_Behavior_Project\data\videos\Pigs301119_000329_30fps.mp4,7173ee0243f6bfeb27eb965fbe4305201a4c3160611c250130670fab3af86bff,realtime_fast,C:\Users\ironh\Downloads\PIG_Behavior_Project\outputs\tracking\reconciliation_state8_development_20260729_run2\predictions\realtime_fast\Pigs301119_000329_30fps.xml,e65d87b3ecb4ef153803348ce0014692e83290b6aa19de88a44b3aa341ae2a18,C:\Users\ironh\Downloads\PIG_Behavior_Project\data\annotations\tracking\Pigs301119_000329_30fps.xml,7f65df1f636b671e4eb720082d80e5d493a67619bc0f5b331c7da4715e6285a3,1314,1314,1314,1224,1404,30.0,3,3,NOT_APPLICABLE,ID_3,ID_3,YES,HIDDEN_POLICY_SENSITIVITY_REFERENCE,HIDDEN_STATUS_MATERIALLY_CHANGES_ELIGIBILITY,population membership changes by policy,NORMAL,1,bf1578d69af61b8cddc198b84b6652c582c75a43384abbc9eb8b7cb71287707d
GT-AUDIT-0105,AUDIT-0117,Pigs301119_000329_30fps,C:\Users\ironh\Downloads\PIG_Behavior_Project\data\videos\Pigs301119_000329_30fps.mp4,7173ee0243f6bfeb27eb965fbe4305201a4c3160611c250130670fab3af86bff,rf_hybrid,C:\Users\ironh\Downloads\PIG_Behavior_Project\outputs\tracking\reconciliation_state8_development_20260729_run2\predictions\rf_hybrid\Pigs301119_000329_30fps.xml,19a703fde9abf8a0285796a02888a12c3af2c33b105d27bbeeffedfc5cb54922,C:\Users\ironh\Downloads\PIG_Behavior_Project\data\annotations\tracking\Pigs301119_000329_30fps.xml,7f65df1f636b671e4eb720082d80e5d493a67619bc0f5b331c7da4715e6285a3,1314,1314,1314,1224,1404,30.0,3,3,NOT_APPLICABLE,ID_3,ID_3,YES,HIDDEN_POLICY_SENSITIVITY_REFERENCE,HIDDEN_STATUS_MATERIALLY_CHANGES_ELIGIBILITY,population membership changes by policy,NORMAL,1,bf1578d69af61b8cddc198b84b6652c582c75a43384abbc9eb8b7cb71287707d
GT-AUDIT-0106,AUDIT-0060,Pigs301119_000330_30fps,C:\Users\ironh\Downloads\PIG_Behavior_Project\data\videos\Pigs301119_000330_30fps.mp4,4c095e20e7c389bd6597bef5e60594290a5ccbb5bf02e845763569f5e4e12d78,bytetrack_raw,C:\Users\ironh\Downloads\PIG_Behavior_Project\outputs\tracking\frozen_predictions_standard_v2_20260728_retry1\B0_bytetrack_raw\predictions\Pigs301119_000330_30fps.xml,9e3ede98e58c848b42d7d9711e3d88e531a77fdefc503a9682e47a6556415ec5,C:\Users\ironh\Downloads\PIG_Behavior_Project\data\annotations\tracking\Pigs301119_000330_30fps.xml,994f8ee08a1d9b57413fd9b791b573d7719cde84ccabe20381da01ec9d8eee92,532,435,629,345,719,30.0,3,3,pairwise-swap-v2-0e70a15436763ff162ba,"('ID_3', 'ID_4')",RECIPROCAL_PAIRWISE_SWAP,MIXED_OR_UNKNOWN,PERSISTENT_PAIRWISE_SWAP,ALL_PERSISTENT_SWAPS_EVERY_ACTIVE_METHOD,one persistent pairwise swap event,NORMAL,1,bf1578d69af61b8cddc198b84b6652c582c75a43384abbc9eb8b7cb71287707d
