group_dimension,group_value,posture_label,machine_decision_value,support_count,usable_support_count,group_total
source_type,cvat_tracking_xml,lying,lying,88,88,197
source_type,cvat_tracking_xml,sitting,sitting,105,105,197
source_type,cvat_tracking_xml,upright,upright,4,4,197
source_type,cvat_tracking_xml,unresolved,unresolved,0,0,197
source_type,cvat_tracking_xml,exclude,technical_exclude,0,0,197
source_type,legacy_recovered,lying,lying,106,106,303
source_type,legacy_recovered,sitting,sitting,99,99,303
source_type,legacy_recovered,upright,upright,98,98,303
source_type,legacy_recovered,unresolved,unresolved,0,0,303
source_type,legacy_recovered,exclude,technical_exclude,0,0,303
recording_date,031219,lying,lying,23,23,58
recording_date,031219,sitting,sitting,19,19,58
recording_date,031219,upright,upright,16,16,58
recording_date,031219,unresolved,unresolved,0,0,58
recording_date,031219,exclude,technical_exclude,0,0,58
recording_date,041219,lying,lying,30,30,56
recording_date,041219,sitting,sitting,16,16,56
recording_date,041219,upright,upright,10,10,56
recording_date,041219,unresolved,unresolved,0,0,56
recording_date,041219,exclude,technical_exclude,0,0,56
recording_date,051219,lying,lying,4,4,18
recording_date,051219,sitting,sitting,5,5,18
recording_date,051219,upright,upright,9,9,18
recording_date,051219,unresolved,unresolved,0,0,18
recording_date,051219,exclude,technical_exclude,0,0,18
recording_date,081119,lying,lying,4,4,41
recording_date,081119,sitting,sitting,15,15,41
recording_date,081119,upright,upright,22,22,41
recording_date,081119,unresolved,unresolved,0,0,41
recording_date,081119,exclude,technical_exclude,0,0,41
recording_date,091119,lying,lying,3,3,22
recording_date,091119,sitting,sitting,10,10,22
recording_date,091119,upright,upright,9,9,22
recording_date,091119,unresolved,unresolved,0,0,22
recording_date,091119,exclude,technical_exclude,0,0,22
recording_date,101219,lying,lying,0,0,11
recording_date,101219,sitting,sitting,0,0,11
recording_date,101219,upright,upright,11,11,11
recording_date,101219,unresolved,unresolved,0,0,11
recording_date,101219,exclude,technical_exclude,0,0,11
recording_date,111219,lying,lying,0,0,8
recording_date,111219,sitting,sitting,0,0,8
recording_date,111219,upright,upright,8,8,8
recording_date,111219,unresolved,unresolved,0,0,8
recording_date,111219,exclude,technical_exclude,0,0,8
recording_date,151119,lying,lying,5,5,25
recording_date,151119,sitting,sitting,14,14,25
recording_date,151119,upright,upright,6,6,25
recording_date,151119,unresolved,unresolved,0,0,25
recording_date,151119,exclude,technical_exclude,0,0,25
recording_date,161119,lying,lying,3,3,7
recording_date,161119,sitting,sitting,3,3,7
recording_date,161119,upright,upright,1,1,7
recording_date,161119,unresolved,unresolved,0,0,7
recording_date,161119,exclude,technical_exclude,0,0,7
recording_date,271119,lying,lying,14,14,29
recording_date,271119,sitting,sitting,9,9,29
recording_date,271119,upright,upright,6,6,29
recording_date,271119,unresolved,unresolved,0,0,29
recording_date,271119,exclude,technical_exclude,0,0,29
recording_date,281119,lying,lying,25,25,75
recording_date,281119,sitting,sitting,49,49,75
recording_date,281119,upright,upright,1,1,75
recording_date,281119,unresolved,unresolved,0,0,75
recording_date,281119,exclude,technical_exclude,0,0,75
recording_date,291119,lying,lying,71,71,75
recording_date,291119,sitting,sitting,3,3,75
recording_date,291119,upright,upright,1,1,75
recording_date,291119,unresolved,unresolved,0,0,75
recording_date,291119,exclude,technical_exclude,0,0,75
recording_date,301119,lying,lying,12,12,75
recording_date,301119,sitting,sitting,61,61,75
recording_date,301119,upright,upright,2,2,75
recording_date,301119,unresolved,unresolved,0,0,75
recording_date,301119,exclude,technical_exclude,0,0,75
source_video,Pigs281119_000085_30fps,lying,lying,8,8,25
source_video,Pigs281119_000085_30fps,sitting,sitting,17,17,25
source_video,Pigs281119_000085_30fps,upright,upright,0,0,25
source_video,Pigs281119_000085_30fps,unresolved,unresolved,0,0,25
source_video,Pigs281119_000085_30fps,exclude,technical_exclude,0,0,25
source_video,Pigs281119_000114_30fps,lying,lying,0,0,25
source_video,Pigs281119_000114_30fps,sitting,sitting,24,24,25
source_video,Pigs281119_000114_30fps,upright,upright,1,1,25
source_video,Pigs281119_000114_30fps,unresolved,unresolved,0,0,25
source_video,Pigs281119_000114_30fps,exclude,technical_exclude,0,0,25
source_video,Pigs291119_000225_30fps.mp4,lying,lying,2,2,2
source_video,Pigs291119_000225_30fps.mp4,sitting,sitting,0,0,2
source_video,Pigs291119_000225_30fps.mp4,upright,upright,0,0,2
source_video,Pigs291119_000225_30fps.mp4,unresolved,unresolved,0,0,2
source_video,Pigs291119_000225_30fps.mp4,exclude,technical_exclude,0,0,2
source_video,Pigs291119_000226_30fps,lying,lying,13,13,15
source_video,Pigs291119_000226_30fps,sitting,sitting,1,1,15
source_video,Pigs291119_000226_30fps,upright,upright,1,1,15
source_video,Pigs291119_000226_30fps,unresolved,unresolved,0,0,15
source_video,Pigs291119_000226_30fps,exclude,technical_exclude,0,0,15
source_video,Pigs291119_000231,lying,lying,10,10,11
source_video,Pigs291119_000231,sitting,sitting,1,1,11
source_video,Pigs291119_000231,upright,upright,0,0,11
source_video,Pigs291119_000231,unresolved,unresolved,0,0,11
source_video,Pigs291119_000231,exclude,technical_exclude,0,0,11
source_video,Pigs291119_000233,lying,lying,18,18,19
source_video,Pigs291119_000233,sitting,sitting,1,1,19
source_video,Pigs291119_000233,upright,upright,0,0,19
source_video,Pigs291119_000233,unresolved,unresolved,0,0,19
source_video,Pigs291119_000233,exclude,technical_exclude,0,0,19
source_video,Pigs301119_000330,lying,lying,3,3,3
source_video,Pigs301119_000330,sitting,sitting,0,0,3
source_video,Pigs301119_000330,upright,upright,0,0,3
source_video,Pigs301119_000330,unresolved,unresolved,0,0,3
source_video,Pigs301119_000330,exclude,technical_exclude,0,0,3
source_video,pigs031219/000068,lying,lying,0,0,1
source_video,pigs031219/000068,sitting,sitting,0,0,1
source_video,pigs031219/000068,upright,upright,1,1,1
source_video,pigs031219/000068,unresolved,unresolved,0,0,1
source_video,pigs031219/000068,exclude,technical_exclude,0,0,1
source_video,pigs031219/000069,lying,lying,0,0,2
source_video,pigs031219/000069,sitting,sitting,1,1,2
source_video,pigs031219/000069,upright,upright,1,1,2
source_video,pigs031219/000069,unresolved,unresolved,0,0,2
source_video,pigs031219/000069,exclude,technical_exclude,0,0,2
source_video,pigs031219/000071,lying,lying,0,0,1
source_video,pigs031219/000071,sitting,sitting,0,0,1
source_video,pigs031219/000071,upright,upright,1,1,1
source_video,pigs031219/000071,unresolved,unresolved,0,0,1
source_video,pigs031219/000071,exclude,technical_exclude,0,0,1
source_video,pigs031219/000072,lying,lying,0,0,1
source_video,pigs031219/000072,sitting,sitting,1,1,1
source_video,pigs031219/000072,upright,upright,0,0,1
source_video,pigs031219/000072,unresolved,unresolved,0,0,1
source_video,pigs031219/000072,exclude,technical_exclude,0,0,1
source_video,pigs031219/000073,lying,lying,0,0,1
source_video,pigs031219/000073,sitting,sitting,1,1,1
source_video,pigs031219/000073,upright,upright,0,0,1
source_video,pigs031219/000073,unresolved,unresolved,0,0,1
source_video,pigs031219/000073,exclude,technical_exclude,0,0,1
source_video,pigs031219/000074,lying,lying,0,0,1
source_video,pigs031219/000074,sitting,sitting,1,1,1
source_video,pigs031219/000074,upright,upright,0,0,1
source_video,pigs031219/000074,unresolved,unresolved,0,0,1
source_video,pigs031219/000074,exclude,technical_exclude,0,0,1
source_video,pigs031219/000082,lying,lying,0,0,2
source_video,pigs031219/000082,sitting,sitting,1,1,2
source_video,pigs031219/000082,upright,upright,1,1,2
source_video,pigs031219/000082,unresolved,unresolved,0,0,2
source_video,pigs031219/000082,exclude,technical_exclude,0,0,2
source_video,pigs031219/000085,lying,lying,0,0,3
source_video,pigs031219/000085,sitting,sitting,1,1,3
source_video,pigs031219/000085,upright,upright,2,2,3
source_video,pigs031219/000085,unresolved,unresolved,0,0,3
source_video,pigs031219/000085,exclude,technical_exclude,0,0,3
source_video,pigs031219/000086,lying,lying,2,2,2
source_video,pigs031219/000086,sitting,sitting,0,0,2
source_video,pigs031219/000086,upright,upright,0,0,2
source_video,pigs031219/000086,unresolved,unresolved,0,0,2
source_video,pigs031219/000086,exclude,technical_exclude,0,0,2
source_video,pigs031219/000090,lying,lying,0,0,1
source_video,pigs031219/000090,sitting,sitting,0,0,1
source_video,pigs031219/000090,upright,upright,1,1,1
source_video,pigs031219/000090,unresolved,unresolved,0,0,1
source_video,pigs031219/000090,exclude,technical_exclude,0,0,1
source_video,pigs031219/000091,lying,lying,1,1,1
source_video,pigs031219/000091,sitting,sitting,0,0,1
source_video,pigs031219/000091,upright,upright,0,0,1
source_video,pigs031219/000091,unresolved,unresolved,0,0,1
source_video,pigs031219/000091,exclude,technical_exclude,0,0,1
source_video,pigs031219/000095,lying,lying,1,1,1
source_video,pigs031219/000095,sitting,sitting,0,0,1
source_video,pigs031219/000095,upright,upright,0,0,1
source_video,pigs031219/000095,unresolved,unresolved,0,0,1
source_video,pigs031219/000095,exclude,technical_exclude,0,0,1
source_video,pigs031219/000096,lying,lying,0,0,1
source_video,pigs031219/000096,sitting,sitting,1,1,1
source_video,pigs031219/000096,upright,upright,0,0,1
source_video,pigs031219/000096,unresolved,unresolved,0,0,1
source_video,pigs031219/000096,exclude,technical_exclude,0,0,1
source_video,pigs031219/000099,lying,lying,0,0,2
source_video,pigs031219/000099,sitting,sitting,0,0,2
source_video,pigs031219/000099,upright,upright,2,2,2
source_video,pigs031219/000099,unresolved,unresolved,0,0,2
source_video,pigs031219/000099,exclude,technical_exclude,0,0,2
source_video,pigs031219/000101,lying,lying,0,0,1
source_video,pigs031219/000101,sitting,sitting,0,0,1
source_video,pigs031219/000101,upright,upright,1,1,1
source_video,pigs031219/000101,unresolved,unresolved,0,0,1
source_video,pigs031219/000101,exclude,technical_exclude,0,0,1
source_video,pigs031219/000103,lying,lying,0,0,1
source_video,pigs031219/000103,sitting,sitting,1,1,1
source_video,pigs031219/000103,upright,upright,0,0,1
source_video,pigs031219/000103,unresolved,unresolved,0,0,1
source_video,pigs031219/000103,exclude,technical_exclude,0,0,1
source_video,pigs031219/000111,lying,lying,0,0,1
source_video,pigs031219/000111,sitting,sitting,0,0,1
source_video,pigs031219/000111,upright,upright,1,1,1
source_video,pigs031219/000111,unresolved,unresolved,0,0,1
source_video,pigs031219/000111,exclude,technical_exclude,0,0,1
source_video,pigs031219/000117,lying,lying,1,1,1
source_video,pigs031219/000117,sitting,sitting,0,0,1
source_video,pigs031219/000117,upright,upright,0,0,1
source_video,pigs031219/000117,unresolved,unresolved,0,0,1
source_video,pigs031219/000117,exclude,technical_exclude,0,0,1
source_video,pigs031219/000119,lying,lying,0,0,1
source_video,pigs031219/000119,sitting,sitting,0,0,1
source_video,pigs031219/000119,upright,upright,1,1,1
source_video,pigs031219/000119,unresolved,unresolved,0,0,1
source_video,pigs031219/000119,exclude,technical_exclude,0,0,1
source_video,pigs031219/000121,lying,lying,0,0,1
source_video,pigs031219/000121,sitting,sitting,0,0,1
source_video,pigs031219/000121,upright,upright,1,1,1
source_video,pigs031219/000121,unresolved,unresolved,0,0,1
source_video,pigs031219/000121,exclude,technical_exclude,0,0,1
source_video,pigs031219/000123,lying,lying,1,1,1
source_video,pigs031219/000123,sitting,sitting,0,0,1
source_video,pigs031219/000123,upright,upright,0,0,1
source_video,pigs031219/000123,unresolved,unresolved,0,0,1
source_video,pigs031219/000123,exclude,technical_exclude,0,0,1
source_video,pigs031219/000124,lying,lying,1,1,2
source_video,pigs031219/000124,sitting,sitting,1,1,2
source_video,pigs031219/000124,upright,upright,0,0,2
source_video,pigs031219/000124,unresolved,unresolved,0,0,2
source_video,pigs031219/000124,exclude,technical_exclude,0,0,2
source_video,pigs031219/000125,lying,lying,2,2,3
source_video,pigs031219/000125,sitting,sitting,1,1,3
source_video,pigs031219/000125,upright,upright,0,0,3
source_video,pigs031219/000125,unresolved,unresolved,0,0,3
source_video,pigs031219/000125,exclude,technical_exclude,0,0,3
source_video,pigs031219/000130,lying,lying,0,0,2
source_video,pigs031219/000130,sitting,sitting,1,1,2
source_video,pigs031219/000130,upright,upright,1,1,2
source_video,pigs031219/000130,unresolved,unresolved,0,0,2
source_video,pigs031219/000130,exclude,technical_exclude,0,0,2
source_video,pigs031219/000133,lying,lying,0,0,1
source_video,pigs031219/000133,sitting,sitting,0,0,1
source_video,pigs031219/000133,upright,upright,1,1,1
source_video,pigs031219/000133,unresolved,unresolved,0,0,1
source_video,pigs031219/000133,exclude,technical_exclude,0,0,1
source_video,pigs031219/000137,lying,lying,1,1,2
source_video,pigs031219/000137,sitting,sitting,1,1,2
source_video,pigs031219/000137,upright,upright,0,0,2
source_video,pigs031219/000137,unresolved,unresolved,0,0,2
source_video,pigs031219/000137,exclude,technical_exclude,0,0,2
source_video,pigs031219/000140,lying,lying,1,1,2
source_video,pigs031219/000140,sitting,sitting,1,1,2
source_video,pigs031219/000140,upright,upright,0,0,2
source_video,pigs031219/000140,unresolved,unresolved,0,0,2
source_video,pigs031219/000140,exclude,technical_exclude,0,0,2
source_video,pigs031219/000141,lying,lying,0,0,1
source_video,pigs031219/000141,sitting,sitting,1,1,1
source_video,pigs031219/000141,upright,upright,0,0,1
source_video,pigs031219/000141,unresolved,unresolved,0,0,1
source_video,pigs031219/000141,exclude,technical_exclude,0,0,1
source_video,pigs031219/000142,lying,lying,0,0,1
source_video,pigs031219/000142,sitting,sitting,1,1,1
source_video,pigs031219/000142,upright,upright,0,0,1
source_video,pigs031219/000142,unresolved,unresolved,0,0,1
source_video,pigs031219/000142,exclude,technical_exclude,0,0,1
source_video,pigs031219/000146,lying,lying,1,1,1
source_video,pigs031219/000146,sitting,sitting,0,0,1
source_video,pigs031219/000146,upright,upright,0,0,1
source_video,pigs031219/000146,unresolved,unresolved,0,0,1
source_video,pigs031219/000146,exclude,technical_exclude,0,0,1
source_video,pigs031219/000147,lying,lying,2,2,3
source_video,pigs031219/000147,sitting,sitting,1,1,3
source_video,pigs031219/000147,upright,upright,0,0,3
source_video,pigs031219/000147,unresolved,unresolved,0,0,3
source_video,pigs031219/000147,exclude,technical_exclude,0,0,3
source_video,pigs031219/000149,lying,lying,1,1,1
source_video,pigs031219/000149,sitting,sitting,0,0,1
source_video,pigs031219/000149,upright,upright,0,0,1
source_video,pigs031219/000149,unresolved,unresolved,0,0,1
source_video,pigs031219/000149,exclude,technical_exclude,0,0,1
source_video,pigs031219/000150,lying,lying,1,1,1
source_video,pigs031219/000150,sitting,sitting,0,0,1
source_video,pigs031219/000150,upright,upright,0,0,1
source_video,pigs031219/000150,unresolved,unresolved,0,0,1
source_video,pigs031219/000150,exclude,technical_exclude,0,0,1
source_video,pigs031219/000151,lying,lying,1,1,1
source_video,pigs031219/000151,sitting,sitting,0,0,1
source_video,pigs031219/000151,upright,upright,0,0,1
source_video,pigs031219/000151,unresolved,unresolved,0,0,1
source_video,pigs031219/000151,exclude,technical_exclude,0,0,1
source_video,pigs031219/000154,lying,lying,0,0,1
source_video,pigs031219/000154,sitting,sitting,1,1,1
source_video,pigs031219/000154,upright,upright,0,0,1
source_video,pigs031219/000154,unresolved,unresolved,0,0,1
source_video,pigs031219/000154,exclude,technical_exclude,0,0,1
source_video,pigs031219/000156,lying,lying,0,0,2
source_video,pigs031219/000156,sitting,sitting,2,2,2
source_video,pigs031219/000156,upright,upright,0,0,2
source_video,pigs031219/000156,unresolved,unresolved,0,0,2
source_video,pigs031219/000156,exclude,technical_exclude,0,0,2
source_video,pigs031219/000160,lying,lying,0,0,1
source_video,pigs031219/000160,sitting,sitting,0,0,1
source_video,pigs031219/000160,upright,upright,1,1,1
source_video,pigs031219/000160,unresolved,unresolved,0,0,1
source_video,pigs031219/000160,exclude,technical_exclude,0,0,1
source_video,pigs031219/000161,lying,lying,2,2,2
source_video,pigs031219/000161,sitting,sitting,0,0,2
source_video,pigs031219/000161,upright,upright,0,0,2
source_video,pigs031219/000161,unresolved,unresolved,0,0,2
source_video,pigs031219/000161,exclude,technical_exclude,0,0,2
source_video,pigs031219/000162,lying,lying,2,2,2
source_video,pigs031219/000162,sitting,sitting,0,0,2
source_video,pigs031219/000162,upright,upright,0,0,2
source_video,pigs031219/000162,unresolved,unresolved,0,0,2
source_video,pigs031219/000162,exclude,technical_exclude,0,0,2
source_video,pigs031219/000167,lying,lying,1,1,1
source_video,pigs031219/000167,sitting,sitting,0,0,1
source_video,pigs031219/000167,upright,upright,0,0,1
source_video,pigs031219/000167,unresolved,unresolved,0,0,1
source_video,pigs031219/000167,exclude,technical_exclude,0,0,1
source_video,pigs031219/000174,lying,lying,1,1,1
source_video,pigs031219/000174,sitting,sitting,0,0,1
source_video,pigs031219/000174,upright,upright,0,0,1
source_video,pigs031219/000174,unresolved,unresolved,0,0,1
source_video,pigs031219/000174,exclude,technical_exclude,0,0,1
source_video,pigs041219/000179,lying,lying,0,0,1
source_video,pigs041219/000179,sitting,sitting,0,0,1
source_video,pigs041219/000179,upright,upright,1,1,1
source_video,pigs041219/000179,unresolved,unresolved,0,0,1
source_video,pigs041219/000179,exclude,technical_exclude,0,0,1
source_video,pigs041219/000182,lying,lying,0,0,1
source_video,pigs041219/000182,sitting,sitting,0,0,1
source_video,pigs041219/000182,upright,upright,1,1,1
source_video,pigs041219/000182,unresolved,unresolved,0,0,1
source_video,pigs041219/000182,exclude,technical_exclude,0,0,1
source_video,pigs041219/000187,lying,lying,0,0,1
source_video,pigs041219/000187,sitting,sitting,1,1,1
source_video,pigs041219/000187,upright,upright,0,0,1
source_video,pigs041219/000187,unresolved,unresolved,0,0,1
source_video,pigs041219/000187,exclude,technical_exclude,0,0,1
source_video,pigs041219/000190,lying,lying,1,1,1
source_video,pigs041219/000190,sitting,sitting,0,0,1
source_video,pigs041219/000190,upright,upright,0,0,1
source_video,pigs041219/000190,unresolved,unresolved,0,0,1
source_video,pigs041219/000190,exclude,technical_exclude,0,0,1
source_video,pigs041219/000191,lying,lying,0,0,1
source_video,pigs041219/000191,sitting,sitting,1,1,1
source_video,pigs041219/000191,upright,upright,0,0,1
source_video,pigs041219/000191,unresolved,unresolved,0,0,1
source_video,pigs041219/000191,exclude,technical_exclude,0,0,1
source_video,pigs041219/000192,lying,lying,0,0,1
source_video,pigs041219/000192,sitting,sitting,1,1,1
source_video,pigs041219/000192,upright,upright,0,0,1
source_video,pigs041219/000192,unresolved,unresolved,0,0,1
source_video,pigs041219/000192,exclude,technical_exclude,0,0,1
source_video,pigs041219/000193,lying,lying,1,1,1
source_video,pigs041219/000193,sitting,sitting,0,0,1
source_video,pigs041219/000193,upright,upright,0,0,1
source_video,pigs041219/000193,unresolved,unresolved,0,0,1
source_video,pigs041219/000193,exclude,technical_exclude,0,0,1
source_video,pigs041219/000194,lying,lying,2,2,2
source_video,pigs041219/000194,sitting,sitting,0,0,2
source_video,pigs041219/000194,upright,upright,0,0,2
source_video,pigs041219/000194,unresolved,unresolved,0,0,2
source_video,pigs041219/000194,exclude,technical_exclude,0,0,2
source_video,pigs041219/000196,lying,lying,0,0,1
source_video,pigs041219/000196,sitting,sitting,1,1,1
source_video,pigs041219/000196,upright,upright,0,0,1
source_video,pigs041219/000196,unresolved,unresolved,0,0,1
source_video,pigs041219/000196,exclude,technical_exclude,0,0,1
source_video,pigs041219/000198,lying,lying,0,0,1
source_video,pigs041219/000198,sitting,sitting,0,0,1
source_video,pigs041219/000198,upright,upright,1,1,1
source_video,pigs041219/000198,unresolved,unresolved,0,0,1
source_video,pigs041219/000198,exclude,technical_exclude,0,0,1
source_video,pigs041219/000200,lying,lying,1,1,1
source_video,pigs041219/000200,sitting,sitting,0,0,1
source_video,pigs041219/000200,upright,upright,0,0,1
source_video,pigs041219/000200,unresolved,unresolved,0,0,1
source_video,pigs041219/000200,exclude,technical_exclude,0,0,1
source_video,pigs041219/000201,lying,lying,0,0,1
source_video,pigs041219/000201,sitting,sitting,0,0,1
source_video,pigs041219/000201,upright,upright,1,1,1
source_video,pigs041219/000201,unresolved,unresolved,0,0,1
source_video,pigs041219/000201,exclude,technical_exclude,0,0,1
source_video,pigs041219/000202,lying,lying,0,0,1
source_video,pigs041219/000202,sitting,sitting,1,1,1
source_video,pigs041219/000202,upright,upright,0,0,1
source_video,pigs041219/000202,unresolved,unresolved,0,0,1
source_video,pigs041219/000202,exclude,technical_exclude,0,0,1
source_video,pigs041219/000203,lying,lying,0,0,1
source_video,pigs041219/000203,sitting,sitting,1,1,1
source_video,pigs041219/000203,upright,upright,0,0,1
source_video,pigs041219/000203,unresolved,unresolved,0,0,1
source_video,pigs041219/000203,exclude,technical_exclude,0,0,1
source_video,pigs041219/000206,lying,lying,0,0,1
source_video,pigs041219/000206,sitting,sitting,1,1,1
source_video,pigs041219/000206,upright,upright,0,0,1
source_video,pigs041219/000206,unresolved,unresolved,0,0,1
source_video,pigs041219/000206,exclude,technical_exclude,0,0,1
source_video,pigs041219/000211,lying,lying,0,0,1
source_video,pigs041219/000211,sitting,sitting,0,0,1
source_video,pigs041219/000211,upright,upright,1,1,1
source_video,pigs041219/000211,unresolved,unresolved,0,0,1
source_video,pigs041219/000211,exclude,technical_exclude,0,0,1
source_video,pigs041219/000218,lying,lying,2,2,2
source_video,pigs041219/000218,sitting,sitting,0,0,2
source_video,pigs041219/000218,upright,upright,0,0,2
source_video,pigs041219/000218,unresolved,unresolved,0,0,2
source_video,pigs041219/000218,exclude,technical_exclude,0,0,2
source_video,pigs041219/000219,lying,lying,1,1,1
source_video,pigs041219/000219,sitting,sitting,0,0,1
source_video,pigs041219/000219,upright,upright,0,0,1
source_video,pigs041219/000219,unresolved,unresolved,0,0,1
source_video,pigs041219/000219,exclude,technical_exclude,0,0,1
source_video,pigs041219/000221,lying,lying,0,0,1
source_video,pigs041219/000221,sitting,sitting,0,0,1
source_video,pigs041219/000221,upright,upright,1,1,1
source_video,pigs041219/000221,unresolved,unresolved,0,0,1
source_video,pigs041219/000221,exclude,technical_exclude,0,0,1
source_video,pigs041219/000224,lying,lying,0,0,1
source_video,pigs041219/000224,sitting,sitting,1,1,1
source_video,pigs041219/000224,upright,upright,0,0,1
source_video,pigs041219/000224,unresolved,unresolved,0,0,1
source_video,pigs041219/000224,exclude,technical_exclude,0,0,1
source_video,pigs041219/000225,lying,lying,0,0,1
source_video,pigs041219/000225,sitting,sitting,1,1,1
source_video,pigs041219/000225,upright,upright,0,0,1
source_video,pigs041219/000225,unresolved,unresolved,0,0,1
source_video,pigs041219/000225,exclude,technical_exclude,0,0,1
source_video,pigs041219/000226,lying,lying,0,0,2
source_video,pigs041219/000226,sitting,sitting,2,2,2
source_video,pigs041219/000226,upright,upright,0,0,2
source_video,pigs041219/000226,unresolved,unresolved,0,0,2
source_video,pigs041219/000226,exclude,technical_exclude,0,0,2
source_video,pigs041219/000228,lying,lying,1,1,1
source_video,pigs041219/000228,sitting,sitting,0,0,1
source_video,pigs041219/000228,upright,upright,0,0,1
source_video,pigs041219/000228,unresolved,unresolved,0,0,1
source_video,pigs041219/000228,exclude,technical_exclude,0,0,1
source_video,pigs041219/000229,lying,lying,1,1,2
source_video,pigs041219/000229,sitting,sitting,1,1,2
source_video,pigs041219/000229,upright,upright,0,0,2
source_video,pigs041219/000229,unresolved,unresolved,0,0,2
source_video,pigs041219/000229,exclude,technical_exclude,0,0,2
source_video,pigs041219/000230,lying,lying,0,0,1
source_video,pigs041219/000230,sitting,sitting,0,0,1
source_video,pigs041219/000230,upright,upright,1,1,1
source_video,pigs041219/000230,unresolved,unresolved,0,0,1
source_video,pigs041219/000230,exclude,technical_exclude,0,0,1
source_video,pigs041219/000231,lying,lying,1,1,1
source_video,pigs041219/000231,sitting,sitting,0,0,1
source_video,pigs041219/000231,upright,upright,0,0,1
source_video,pigs041219/000231,unresolved,unresolved,0,0,1
source_video,pigs041219/000231,exclude,technical_exclude,0,0,1
source_video,pigs041219/000233,lying,lying,0,0,1
source_video,pigs041219/000233,sitting,sitting,1,1,1
source_video,pigs041219/000233,upright,upright,0,0,1
source_video,pigs041219/000233,unresolved,unresolved,0,0,1
source_video,pigs041219/000233,exclude,technical_exclude,0,0,1
source_video,pigs041219/000235,lying,lying,0,0,1
source_video,pigs041219/000235,sitting,sitting,0,0,1
source_video,pigs041219/000235,upright,upright,1,1,1
source_video,pigs041219/000235,unresolved,unresolved,0,0,1
source_video,pigs041219/000235,exclude,technical_exclude,0,0,1
source_video,pigs041219/000236,lying,lying,1,1,1
source_video,pigs041219/000236,sitting,sitting,0,0,1
source_video,pigs041219/000236,upright,upright,0,0,1
source_video,pigs041219/000236,unresolved,unresolved,0,0,1
source_video,pigs041219/000236,exclude,technical_exclude,0,0,1
source_video,pigs041219/000237,lying,lying,0,0,1
source_video,pigs041219/000237,sitting,sitting,0,0,1
source_video,pigs041219/000237,upright,upright,1,1,1
source_video,pigs041219/000237,unresolved,unresolved,0,0,1
source_video,pigs041219/000237,exclude,technical_exclude,0,0,1
source_video,pigs041219/000238,lying,lying,1,1,1
source_video,pigs041219/000238,sitting,sitting,0,0,1
source_video,pigs041219/000238,upright,upright,0,0,1
source_video,pigs041219/000238,unresolved,unresolved,0,0,1
source_video,pigs041219/000238,exclude,technical_exclude,0,0,1
source_video,pigs041219/000247,lying,lying,1,1,1
source_video,pigs041219/000247,sitting,sitting,0,0,1
source_video,pigs041219/000247,upright,upright,0,0,1
source_video,pigs041219/000247,unresolved,unresolved,0,0,1
source_video,pigs041219/000247,exclude,technical_exclude,0,0,1
source_video,pigs041219/000251,lying,lying,2,2,2
source_video,pigs041219/000251,sitting,sitting,0,0,2
source_video,pigs041219/000251,upright,upright,0,0,2
source_video,pigs041219/000251,unresolved,unresolved,0,0,2
source_video,pigs041219/000251,exclude,technical_exclude,0,0,2
source_video,pigs041219/000252,lying,lying,0,0,1
source_video,pigs041219/000252,sitting,sitting,1,1,1
source_video,pigs041219/000252,upright,upright,0,0,1
source_video,pigs041219/000252,unresolved,unresolved,0,0,1
source_video,pigs041219/000252,exclude,technical_exclude,0,0,1
source_video,pigs041219/000257,lying,lying,1,1,1
source_video,pigs041219/000257,sitting,sitting,0,0,1
source_video,pigs041219/000257,upright,upright,0,0,1
source_video,pigs041219/000257,unresolved,unresolved,0,0,1
source_video,pigs041219/000257,exclude,technical_exclude,0,0,1
source_video,pigs041219/000260,lying,lying,1,1,1
source_video,pigs041219/000260,sitting,sitting,0,0,1
source_video,pigs041219/000260,upright,upright,0,0,1
source_video,pigs041219/000260,unresolved,unresolved,0,0,1
source_video,pigs041219/000260,exclude,technical_exclude,0,0,1
source_video,pigs041219/000262,lying,lying,2,2,2
source_video,pigs041219/000262,sitting,sitting,0,0,2
source_video,pigs041219/000262,upright,upright,0,0,2
source_video,pigs041219/000262,unresolved,unresolved,0,0,2
source_video,pigs041219/000262,exclude,technical_exclude,0,0,2
source_video,pigs041219/000270,lying,lying,1,1,1
source_video,pigs041219/000270,sitting,sitting,0,0,1
source_video,pigs041219/000270,upright,upright,0,0,1
source_video,pigs041219/000270,unresolved,unresolved,0,0,1
source_video,pigs041219/000270,exclude,technical_exclude,0,0,1
source_video,pigs041219/000271,lying,lying,2,2,2
source_video,pigs041219/000271,sitting,sitting,0,0,2
source_video,pigs041219/000271,upright,upright,0,0,2
source_video,pigs041219/000271,unresolved,unresolved,0,0,2
source_video,pigs041219/000271,exclude,technical_exclude,0,0,2
source_video,pigs041219/000272,lying,lying,1,1,1
source_video,pigs041219/000272,sitting,sitting,0,0,1
source_video,pigs041219/000272,upright,upright,0,0,1
source_video,pigs041219/000272,unresolved,unresolved,0,0,1
source_video,pigs041219/000272,exclude,technical_exclude,0,0,1
source_video,pigs041219/000273,lying,lying,1,1,1
source_video,pigs041219/000273,sitting,sitting,0,0,1
source_video,pigs041219/000273,upright,upright,0,0,1
source_video,pigs041219/000273,unresolved,unresolved,0,0,1
source_video,pigs041219/000273,exclude,technical_exclude,0,0,1
source_video,pigs041219/000274,lying,lying,1,1,1
source_video,pigs041219/000274,sitting,sitting,0,0,1
source_video,pigs041219/000274,upright,upright,0,0,1
source_video,pigs041219/000274,unresolved,unresolved,0,0,1
source_video,pigs041219/000274,exclude,technical_exclude,0,0,1
source_video,pigs041219/000275,lying,lying,1,1,1
source_video,pigs041219/000275,sitting,sitting,0,0,1
source_video,pigs041219/000275,upright,upright,0,0,1
source_video,pigs041219/000275,unresolved,unresolved,0,0,1
source_video,pigs041219/000275,exclude,technical_exclude,0,0,1
source_video,pigs041219/000276,lying,lying,1,1,1
source_video,pigs041219/000276,sitting,sitting,0,0,1
source_video,pigs041219/000276,upright,upright,0,0,1
source_video,pigs041219/000276,unresolved,unresolved,0,0,1
source_video,pigs041219/000276,exclude,technical_exclude,0,0,1
source_video,pigs041219/000283,lying,lying,1,1,2
source_video,pigs041219/000283,sitting,sitting,1,1,2
source_video,pigs041219/000283,upright,upright,0,0,2
source_video,pigs041219/000283,unresolved,unresolved,0,0,2
source_video,pigs041219/000283,exclude,technical_exclude,0,0,2
source_video,pigs041219/000284,lying,lying,0,0,2
source_video,pigs041219/000284,sitting,sitting,1,1,2
source_video,pigs041219/000284,upright,upright,1,1,2
source_video,pigs041219/000284,unresolved,unresolved,0,0,2
source_video,pigs041219/000284,exclude,technical_exclude,0,0,2
source_video,pigs041219/000293,lying,lying,1,1,1
source_video,pigs041219/000293,sitting,sitting,0,0,1
source_video,pigs041219/000293,upright,upright,0,0,1
source_video,pigs041219/000293,unresolved,unresolved,0,0,1
source_video,pigs041219/000293,exclude,technical_exclude,0,0,1
source_video,pigs051219/000295,lying,lying,0,0,1
source_video,pigs051219/000295,sitting,sitting,1,1,1
source_video,pigs051219/000295,upright,upright,0,0,1
source_video,pigs051219/000295,unresolved,unresolved,0,0,1
source_video,pigs051219/000295,exclude,technical_exclude,0,0,1
source_video,pigs051219/000298,lying,lying,0,0,1
source_video,pigs051219/000298,sitting,sitting,1,1,1
source_video,pigs051219/000298,upright,upright,0,0,1
source_video,pigs051219/000298,unresolved,unresolved,0,0,1
source_video,pigs051219/000298,exclude,technical_exclude,0,0,1
source_video,pigs051219/000299,lying,lying,0,0,2
source_video,pigs051219/000299,sitting,sitting,0,0,2
source_video,pigs051219/000299,upright,upright,2,2,2
source_video,pigs051219/000299,unresolved,unresolved,0,0,2
source_video,pigs051219/000299,exclude,technical_exclude,0,0,2
source_video,pigs051219/000300,lying,lying,0,0,1
source_video,pigs051219/000300,sitting,sitting,0,0,1
source_video,pigs051219/000300,upright,upright,1,1,1
source_video,pigs051219/000300,unresolved,unresolved,0,0,1
source_video,pigs051219/000300,exclude,technical_exclude,0,0,1
source_video,pigs051219/000303,lying,lying,0,0,2
source_video,pigs051219/000303,sitting,sitting,0,0,2
source_video,pigs051219/000303,upright,upright,2,2,2
source_video,pigs051219/000303,unresolved,unresolved,0,0,2
source_video,pigs051219/000303,exclude,technical_exclude,0,0,2
source_video,pigs051219/000314,lying,lying,1,1,1
source_video,pigs051219/000314,sitting,sitting,0,0,1
source_video,pigs051219/000314,upright,upright,0,0,1
source_video,pigs051219/000314,unresolved,unresolved,0,0,1
source_video,pigs051219/000314,exclude,technical_exclude,0,0,1
source_video,pigs051219/000318,lying,lying,1,1,2
source_video,pigs051219/000318,sitting,sitting,0,0,2
source_video,pigs051219/000318,upright,upright,1,1,2
source_video,pigs051219/000318,unresolved,unresolved,0,0,2
source_video,pigs051219/000318,exclude,technical_exclude,0,0,2
source_video,pigs051219/000324,lying,lying,1,1,2
source_video,pigs051219/000324,sitting,sitting,1,1,2
source_video,pigs051219/000324,upright,upright,0,0,2
source_video,pigs051219/000324,unresolved,unresolved,0,0,2
source_video,pigs051219/000324,exclude,technical_exclude,0,0,2
source_video,pigs051219/000326,lying,lying,0,0,2
source_video,pigs051219/000326,sitting,sitting,1,1,2
source_video,pigs051219/000326,upright,upright,1,1,2
source_video,pigs051219/000326,unresolved,unresolved,0,0,2
source_video,pigs051219/000326,exclude,technical_exclude,0,0,2
source_video,pigs051219/000330,lying,lying,0,0,1
source_video,pigs051219/000330,sitting,sitting,0,0,1
source_video,pigs051219/000330,upright,upright,1,1,1
source_video,pigs051219/000330,unresolved,unresolved,0,0,1
source_video,pigs051219/000330,exclude,technical_exclude,0,0,1
source_video,pigs051219/000332,lying,lying,1,1,1
source_video,pigs051219/000332,sitting,sitting,0,0,1
source_video,pigs051219/000332,upright,upright,0,0,1
source_video,pigs051219/000332,unresolved,unresolved,0,0,1
source_video,pigs051219/000332,exclude,technical_exclude,0,0,1
source_video,pigs051219/000336,lying,lying,0,0,1
source_video,pigs051219/000336,sitting,sitting,1,1,1
source_video,pigs051219/000336,upright,upright,0,0,1
source_video,pigs051219/000336,unresolved,unresolved,0,0,1
source_video,pigs051219/000336,exclude,technical_exclude,0,0,1
source_video,pigs051219/000337,lying,lying,0,0,1
source_video,pigs051219/000337,sitting,sitting,0,0,1
source_video,pigs051219/000337,upright,upright,1,1,1
source_video,pigs051219/000337,unresolved,unresolved,0,0,1
source_video,pigs051219/000337,exclude,technical_exclude,0,0,1
source_video,pigs081119/000298,lying,lying,0,0,1
source_video,pigs081119/000298,sitting,sitting,1,1,1
source_video,pigs081119/000298,upright,upright,0,0,1
source_video,pigs081119/000298,unresolved,unresolved,0,0,1
source_video,pigs081119/000298,exclude,technical_exclude,0,0,1
source_video,pigs081119/000301,lying,lying,0,0,1
source_video,pigs081119/000301,sitting,sitting,0,0,1
source_video,pigs081119/000301,upright,upright,1,1,1
source_video,pigs081119/000301,unresolved,unresolved,0,0,1
source_video,pigs081119/000301,exclude,technical_exclude,0,0,1
source_video,pigs081119/000302,lying,lying,0,0,2
source_video,pigs081119/000302,sitting,sitting,2,2,2
source_video,pigs081119/000302,upright,upright,0,0,2
source_video,pigs081119/000302,unresolved,unresolved,0,0,2
source_video,pigs081119/000302,exclude,technical_exclude,0,0,2
source_video,pigs081119/000303,lying,lying,0,0,1
source_video,pigs081119/000303,sitting,sitting,0,0,1
source_video,pigs081119/000303,upright,upright,1,1,1
source_video,pigs081119/000303,unresolved,unresolved,0,0,1
source_video,pigs081119/000303,exclude,technical_exclude,0,0,1
source_video,pigs081119/000305,lying,lying,0,0,1
source_video,pigs081119/000305,sitting,sitting,0,0,1
source_video,pigs081119/000305,upright,upright,1,1,1
source_video,pigs081119/000305,unresolved,unresolved,0,0,1
source_video,pigs081119/000305,exclude,technical_exclude,0,0,1
source_video,pigs081119/000306,lying,lying,0,0,1
source_video,pigs081119/000306,sitting,sitting,0,0,1
source_video,pigs081119/000306,upright,upright,1,1,1
source_video,pigs081119/000306,unresolved,unresolved,0,0,1
source_video,pigs081119/000306,exclude,technical_exclude,0,0,1
source_video,pigs081119/000308,lying,lying,0,0,1
source_video,pigs081119/000308,sitting,sitting,0,0,1
source_video,pigs081119/000308,upright,upright,1,1,1
source_video,pigs081119/000308,unresolved,unresolved,0,0,1
source_video,pigs081119/000308,exclude,technical_exclude,0,0,1
source_video,pigs081119/000309,lying,lying,0,0,1
source_video,pigs081119/000309,sitting,sitting,0,0,1
source_video,pigs081119/000309,upright,upright,1,1,1
source_video,pigs081119/000309,unresolved,unresolved,0,0,1
source_video,pigs081119/000309,exclude,technical_exclude,0,0,1
source_video,pigs081119/000312,lying,lying,0,0,1
source_video,pigs081119/000312,sitting,sitting,0,0,1
source_video,pigs081119/000312,upright,upright,1,1,1
source_video,pigs081119/000312,unresolved,unresolved,0,0,1
source_video,pigs081119/000312,exclude,technical_exclude,0,0,1
source_video,pigs081119/000314,lying,lying,1,1,1
source_video,pigs081119/000314,sitting,sitting,0,0,1
source_video,pigs081119/000314,upright,upright,0,0,1
source_video,pigs081119/000314,unresolved,unresolved,0,0,1
source_video,pigs081119/000314,exclude,technical_exclude,0,0,1
source_video,pigs081119/000322,lying,lying,1,1,1
source_video,pigs081119/000322,sitting,sitting,0,0,1
source_video,pigs081119/000322,upright,upright,0,0,1
source_video,pigs081119/000322,unresolved,unresolved,0,0,1
source_video,pigs081119/000322,exclude,technical_exclude,0,0,1
source_video,pigs081119/000326,lying,lying,0,0,1
source_video,pigs081119/000326,sitting,sitting,0,0,1
source_video,pigs081119/000326,upright,upright,1,1,1
source_video,pigs081119/000326,unresolved,unresolved,0,0,1
source_video,pigs081119/000326,exclude,technical_exclude,0,0,1
source_video,pigs081119/000331,lying,lying,0,0,1
source_video,pigs081119/000331,sitting,sitting,0,0,1
source_video,pigs081119/000331,upright,upright,1,1,1
source_video,pigs081119/000331,unresolved,unresolved,0,0,1
source_video,pigs081119/000331,exclude,technical_exclude,0,0,1
source_video,pigs081119/000332,lying,lying,1,1,1
source_video,pigs081119/000332,sitting,sitting,0,0,1
source_video,pigs081119/000332,upright,upright,0,0,1
source_video,pigs081119/000332,unresolved,unresolved,0,0,1
source_video,pigs081119/000332,exclude,technical_exclude,0,0,1
source_video,pigs081119/000333,lying,lying,0,0,1
source_video,pigs081119/000333,sitting,sitting,0,0,1
source_video,pigs081119/000333,upright,upright,1,1,1
source_video,pigs081119/000333,unresolved,unresolved,0,0,1
source_video,pigs081119/000333,exclude,technical_exclude,0,0,1
source_video,pigs081119/000335,lying,lying,0,0,1
source_video,pigs081119/000335,sitting,sitting,0,0,1
source_video,pigs081119/000335,upright,upright,1,1,1
source_video,pigs081119/000335,unresolved,unresolved,0,0,1
source_video,pigs081119/000335,exclude,technical_exclude,0,0,1
source_video,pigs081119/000337,lying,lying,0,0,1
source_video,pigs081119/000337,sitting,sitting,1,1,1
source_video,pigs081119/000337,upright,upright,0,0,1
source_video,pigs081119/000337,unresolved,unresolved,0,0,1
source_video,pigs081119/000337,exclude,technical_exclude,0,0,1
source_video,pigs081119/000340,lying,lying,0,0,1
source_video,pigs081119/000340,sitting,sitting,1,1,1
source_video,pigs081119/000340,upright,upright,0,0,1
source_video,pigs081119/000340,unresolved,unresolved,0,0,1
source_video,pigs081119/000340,exclude,technical_exclude,0,0,1
source_video,pigs081119/000341,lying,lying,0,0,1
source_video,pigs081119/000341,sitting,sitting,1,1,1
source_video,pigs081119/000341,upright,upright,0,0,1
source_video,pigs081119/000341,unresolved,unresolved,0,0,1
source_video,pigs081119/000341,exclude,technical_exclude,0,0,1
source_video,pigs081119/000343,lying,lying,0,0,1
source_video,pigs081119/000343,sitting,sitting,0,0,1
source_video,pigs081119/000343,upright,upright,1,1,1
source_video,pigs081119/000343,unresolved,unresolved,0,0,1
source_video,pigs081119/000343,exclude,technical_exclude,0,0,1
source_video,pigs081119/000352,lying,lying,0,0,2
source_video,pigs081119/000352,sitting,sitting,0,0,2
source_video,pigs081119/000352,upright,upright,2,2,2
source_video,pigs081119/000352,unresolved,unresolved,0,0,2
source_video,pigs081119/000352,exclude,technical_exclude,0,0,2
source_video,pigs081119/000353,lying,lying,1,1,3
source_video,pigs081119/000353,sitting,sitting,1,1,3
source_video,pigs081119/000353,upright,upright,1,1,3
source_video,pigs081119/000353,unresolved,unresolved,0,0,3
source_video,pigs081119/000353,exclude,technical_exclude,0,0,3
source_video,pigs081119/000357,lying,lying,0,0,1
source_video,pigs081119/000357,sitting,sitting,0,0,1
source_video,pigs081119/000357,upright,upright,1,1,1
source_video,pigs081119/000357,unresolved,unresolved,0,0,1
source_video,pigs081119/000357,exclude,technical_exclude,0,0,1
source_video,pigs081119/000359,lying,lying,0,0,1
source_video,pigs081119/000359,sitting,sitting,1,1,1
source_video,pigs081119/000359,upright,upright,0,0,1
source_video,pigs081119/000359,unresolved,unresolved,0,0,1
source_video,pigs081119/000359,exclude,technical_exclude,0,0,1
source_video,pigs081119/000360,lying,lying,0,0,1
source_video,pigs081119/000360,sitting,sitting,0,0,1
source_video,pigs081119/000360,upright,upright,1,1,1
source_video,pigs081119/000360,unresolved,unresolved,0,0,1
source_video,pigs081119/000360,exclude,technical_exclude,0,0,1
source_video,pigs081119/000363,lying,lying,0,0,1
source_video,pigs081119/000363,sitting,sitting,0,0,1
source_video,pigs081119/000363,upright,upright,1,1,1
source_video,pigs081119/000363,unresolved,unresolved,0,0,1
source_video,pigs081119/000363,exclude,technical_exclude,0,0,1
source_video,pigs081119/000365,lying,lying,0,0,1
source_video,pigs081119/000365,sitting,sitting,0,0,1
source_video,pigs081119/000365,upright,upright,1,1,1
source_video,pigs081119/000365,unresolved,unresolved,0,0,1
source_video,pigs081119/000365,exclude,technical_exclude,0,0,1
source_video,pigs081119/000367,lying,lying,0,0,1
source_video,pigs081119/000367,sitting,sitting,1,1,1
source_video,pigs081119/000367,upright,upright,0,0,1
source_video,pigs081119/000367,unresolved,unresolved,0,0,1
source_video,pigs081119/000367,exclude,technical_exclude,0,0,1
source_video,pigs081119/000371,lying,lying,0,0,1
source_video,pigs081119/000371,sitting,sitting,1,1,1
source_video,pigs081119/000371,upright,upright,0,0,1
source_video,pigs081119/000371,unresolved,unresolved,0,0,1
source_video,pigs081119/000371,exclude,technical_exclude,0,0,1
source_video,pigs081119/000372,lying,lying,0,0,1
source_video,pigs081119/000372,sitting,sitting,0,0,1
source_video,pigs081119/000372,upright,upright,1,1,1
source_video,pigs081119/000372,unresolved,unresolved,0,0,1
source_video,pigs081119/000372,exclude,technical_exclude,0,0,1
source_video,pigs081119/000377,lying,lying,0,0,1
source_video,pigs081119/000377,sitting,sitting,1,1,1
source_video,pigs081119/000377,upright,upright,0,0,1
source_video,pigs081119/000377,unresolved,unresolved,0,0,1
source_video,pigs081119/000377,exclude,technical_exclude,0,0,1
source_video,pigs081119/000378,lying,lying,0,0,1
source_video,pigs081119/000378,sitting,sitting,0,0,1
source_video,pigs081119/000378,upright,upright,1,1,1
source_video,pigs081119/000378,unresolved,unresolved,0,0,1
source_video,pigs081119/000378,exclude,technical_exclude,0,0,1
source_video,pigs081119/000380,lying,lying,0,0,1
source_video,pigs081119/000380,sitting,sitting,1,1,1
source_video,pigs081119/000380,upright,upright,0,0,1
source_video,pigs081119/000380,unresolved,unresolved,0,0,1
source_video,pigs081119/000380,exclude,technical_exclude,0,0,1
source_video,pigs081119/000381,lying,lying,0,0,2
source_video,pigs081119/000381,sitting,sitting,2,2,2
source_video,pigs081119/000381,upright,upright,0,0,2
source_video,pigs081119/000381,unresolved,unresolved,0,0,2
source_video,pigs081119/000381,exclude,technical_exclude,0,0,2
source_video,pigs081119/000402,lying,lying,0,0,1
source_video,pigs081119/000402,sitting,sitting,0,0,1
source_video,pigs081119/000402,upright,upright,1,1,1
source_video,pigs081119/000402,unresolved,unresolved,0,0,1
source_video,pigs081119/000402,exclude,technical_exclude,0,0,1
source_video,pigs081119/000403,lying,lying,0,0,1
source_video,pigs081119/000403,sitting,sitting,1,1,1
source_video,pigs081119/000403,upright,upright,0,0,1
source_video,pigs081119/000403,unresolved,unresolved,0,0,1
source_video,pigs081119/000403,exclude,technical_exclude,0,0,1
source_video,pigs091119/000420,lying,lying,0,0,1
source_video,pigs091119/000420,sitting,sitting,1,1,1
source_video,pigs091119/000420,upright,upright,0,0,1
source_video,pigs091119/000420,unresolved,unresolved,0,0,1
source_video,pigs091119/000420,exclude,technical_exclude,0,0,1
source_video,pigs091119/000423,lying,lying,0,0,1
source_video,pigs091119/000423,sitting,sitting,0,0,1
source_video,pigs091119/000423,upright,upright,1,1,1
source_video,pigs091119/000423,unresolved,unresolved,0,0,1
source_video,pigs091119/000423,exclude,technical_exclude,0,0,1
source_video,pigs091119/000424,lying,lying,0,0,2
source_video,pigs091119/000424,sitting,sitting,1,1,2
source_video,pigs091119/000424,upright,upright,1,1,2
source_video,pigs091119/000424,unresolved,unresolved,0,0,2
source_video,pigs091119/000424,exclude,technical_exclude,0,0,2
source_video,pigs091119/000425,lying,lying,0,0,1
source_video,pigs091119/000425,sitting,sitting,0,0,1
source_video,pigs091119/000425,upright,upright,1,1,1
source_video,pigs091119/000425,unresolved,unresolved,0,0,1
source_video,pigs091119/000425,exclude,technical_exclude,0,0,1
source_video,pigs091119/000428,lying,lying,0,0,2
source_video,pigs091119/000428,sitting,sitting,1,1,2
source_video,pigs091119/000428,upright,upright,1,1,2
source_video,pigs091119/000428,unresolved,unresolved,0,0,2
source_video,pigs091119/000428,exclude,technical_exclude,0,0,2
source_video,pigs091119/000429,lying,lying,0,0,2
source_video,pigs091119/000429,sitting,sitting,0,0,2
source_video,pigs091119/000429,upright,upright,2,2,2
source_video,pigs091119/000429,unresolved,unresolved,0,0,2
source_video,pigs091119/000429,exclude,technical_exclude,0,0,2
source_video,pigs091119/000435,lying,lying,0,0,1
source_video,pigs091119/000435,sitting,sitting,0,0,1
source_video,pigs091119/000435,upright,upright,1,1,1
source_video,pigs091119/000435,unresolved,unresolved,0,0,1
source_video,pigs091119/000435,exclude,technical_exclude,0,0,1
source_video,pigs091119/000436,lying,lying,0,0,1
source_video,pigs091119/000436,sitting,sitting,1,1,1
source_video,pigs091119/000436,upright,upright,0,0,1
source_video,pigs091119/000436,unresolved,unresolved,0,0,1
source_video,pigs091119/000436,exclude,technical_exclude,0,0,1
source_video,pigs091119/000440,lying,lying,0,0,2
source_video,pigs091119/000440,sitting,sitting,2,2,2
source_video,pigs091119/000440,upright,upright,0,0,2
source_video,pigs091119/000440,unresolved,unresolved,0,0,2
source_video,pigs091119/000440,exclude,technical_exclude,0,0,2
source_video,pigs091119/000442,lying,lying,1,1,2
source_video,pigs091119/000442,sitting,sitting,0,0,2
source_video,pigs091119/000442,upright,upright,1,1,2
source_video,pigs091119/000442,unresolved,unresolved,0,0,2
source_video,pigs091119/000442,exclude,technical_exclude,0,0,2
source_video,pigs091119/000444,lying,lying,0,0,1
source_video,pigs091119/000444,sitting,sitting,1,1,1
source_video,pigs091119/000444,upright,upright,0,0,1
source_video,pigs091119/000444,unresolved,unresolved,0,0,1
source_video,pigs091119/000444,exclude,technical_exclude,0,0,1
source_video,pigs091119/000446,lying,lying,0,0,1
source_video,pigs091119/000446,sitting,sitting,1,1,1
source_video,pigs091119/000446,upright,upright,0,0,1
source_video,pigs091119/000446,unresolved,unresolved,0,0,1
source_video,pigs091119/000446,exclude,technical_exclude,0,0,1
source_video,pigs091119/000449,lying,lying,0,0,1
source_video,pigs091119/000449,sitting,sitting,1,1,1
source_video,pigs091119/000449,upright,upright,0,0,1
source_video,pigs091119/000449,unresolved,unresolved,0,0,1
source_video,pigs091119/000449,exclude,technical_exclude,0,0,1
source_video,pigs091119/000450,lying,lying,1,1,1
source_video,pigs091119/000450,sitting,sitting,0,0,1
source_video,pigs091119/000450,upright,upright,0,0,1
source_video,pigs091119/000450,unresolved,unresolved,0,0,1
source_video,pigs091119/000450,exclude,technical_exclude,0,0,1
source_video,pigs091119/000454,lying,lying,1,1,1
source_video,pigs091119/000454,sitting,sitting,0,0,1
source_video,pigs091119/000454,upright,upright,0,0,1
source_video,pigs091119/000454,unresolved,unresolved,0,0,1
source_video,pigs091119/000454,exclude,technical_exclude,0,0,1
source_video,pigs091119/000455,lying,lying,0,0,1
source_video,pigs091119/000455,sitting,sitting,1,1,1
source_video,pigs091119/000455,upright,upright,0,0,1
source_video,pigs091119/000455,unresolved,unresolved,0,0,1
source_video,pigs091119/000455,exclude,technical_exclude,0,0,1
source_video,pigs091119/000457,lying,lying,0,0,1
source_video,pigs091119/000457,sitting,sitting,0,0,1
source_video,pigs091119/000457,upright,upright,1,1,1
source_video,pigs091119/000457,unresolved,unresolved,0,0,1
source_video,pigs091119/000457,exclude,technical_exclude,0,0,1
source_video,pigs101219a/000264,lying,lying,0,0,1
source_video,pigs101219a/000264,sitting,sitting,0,0,1
source_video,pigs101219a/000264,upright,upright,1,1,1
source_video,pigs101219a/000264,unresolved,unresolved,0,0,1
source_video,pigs101219a/000264,exclude,technical_exclude,0,0,1
source_video,pigs101219a/000272,lying,lying,0,0,1
source_video,pigs101219a/000272,sitting,sitting,0,0,1
source_video,pigs101219a/000272,upright,upright,1,1,1
source_video,pigs101219a/000272,unresolved,unresolved,0,0,1
source_video,pigs101219a/000272,exclude,technical_exclude,0,0,1
source_video,pigs101219a/000293,lying,lying,0,0,2
source_video,pigs101219a/000293,sitting,sitting,0,0,2
source_video,pigs101219a/000293,upright,upright,2,2,2
source_video,pigs101219a/000293,unresolved,unresolved,0,0,2
source_video,pigs101219a/000293,exclude,technical_exclude,0,0,2
source_video,pigs101219a/000295,lying,lying,0,0,1
source_video,pigs101219a/000295,sitting,sitting,0,0,1
source_video,pigs101219a/000295,upright,upright,1,1,1
source_video,pigs101219a/000295,unresolved,unresolved,0,0,1
source_video,pigs101219a/000295,exclude,technical_exclude,0,0,1
source_video,pigs101219a/000296,lying,lying,0,0,1
source_video,pigs101219a/000296,sitting,sitting,0,0,1
source_video,pigs101219a/000296,upright,upright,1,1,1
source_video,pigs101219a/000296,unresolved,unresolved,0,0,1
source_video,pigs101219a/000296,exclude,technical_exclude,0,0,1
source_video,pigs101219b/000008,lying,lying,0,0,2
source_video,pigs101219b/000008,sitting,sitting,0,0,2
source_video,pigs101219b/000008,upright,upright,2,2,2
source_video,pigs101219b/000008,unresolved,unresolved,0,0,2
source_video,pigs101219b/000008,exclude,technical_exclude,0,0,2
source_video,pigs101219b/000028,lying,lying,0,0,1
source_video,pigs101219b/000028,sitting,sitting,0,0,1
source_video,pigs101219b/000028,upright,upright,1,1,1
source_video,pigs101219b/000028,unresolved,unresolved,0,0,1
source_video,pigs101219b/000028,exclude,technical_exclude,0,0,1
source_video,pigs101219b/000031,lying,lying,0,0,1
source_video,pigs101219b/000031,sitting,sitting,0,0,1
source_video,pigs101219b/000031,upright,upright,1,1,1
source_video,pigs101219b/000031,unresolved,unresolved,0,0,1
source_video,pigs101219b/000031,exclude,technical_exclude,0,0,1
source_video,pigs101219b/000034,lying,lying,0,0,1
source_video,pigs101219b/000034,sitting,sitting,0,0,1
source_video,pigs101219b/000034,upright,upright,1,1,1
source_video,pigs101219b/000034,unresolved,unresolved,0,0,1
source_video,pigs101219b/000034,exclude,technical_exclude,0,0,1
source_video,pigs111219/000076,lying,lying,0,0,1
source_video,pigs111219/000076,sitting,sitting,0,0,1
source_video,pigs111219/000076,upright,upright,1,1,1
source_video,pigs111219/000076,unresolved,unresolved,0,0,1
source_video,pigs111219/000076,exclude,technical_exclude,0,0,1
source_video,pigs111219/000084,lying,lying,0,0,1
source_video,pigs111219/000084,sitting,sitting,0,0,1
source_video,pigs111219/000084,upright,upright,1,1,1
source_video,pigs111219/000084,unresolved,unresolved,0,0,1
source_video,pigs111219/000084,exclude,technical_exclude,0,0,1
source_video,pigs111219/000085,lying,lying,0,0,1
source_video,pigs111219/000085,sitting,sitting,0,0,1
source_video,pigs111219/000085,upright,upright,1,1,1
source_video,pigs111219/000085,unresolved,unresolved,0,0,1
source_video,pigs111219/000085,exclude,technical_exclude,0,0,1
source_video,pigs111219/000088,lying,lying,0,0,1
source_video,pigs111219/000088,sitting,sitting,0,0,1
source_video,pigs111219/000088,upright,upright,1,1,1
source_video,pigs111219/000088,unresolved,unresolved,0,0,1
source_video,pigs111219/000088,exclude,technical_exclude,0,0,1
source_video,pigs111219/000092,lying,lying,0,0,1
source_video,pigs111219/000092,sitting,sitting,0,0,1
source_video,pigs111219/000092,upright,upright,1,1,1
source_video,pigs111219/000092,unresolved,unresolved,0,0,1
source_video,pigs111219/000092,exclude,technical_exclude,0,0,1
source_video,pigs111219/000094,lying,lying,0,0,1
source_video,pigs111219/000094,sitting,sitting,0,0,1
source_video,pigs111219/000094,upright,upright,1,1,1
source_video,pigs111219/000094,unresolved,unresolved,0,0,1
source_video,pigs111219/000094,exclude,technical_exclude,0,0,1
source_video,pigs111219/000101,lying,lying,0,0,1
source_video,pigs111219/000101,sitting,sitting,0,0,1
source_video,pigs111219/000101,upright,upright,1,1,1
source_video,pigs111219/000101,unresolved,unresolved,0,0,1
source_video,pigs111219/000101,exclude,technical_exclude,0,0,1
source_video,pigs111219/000109,lying,lying,0,0,1
source_video,pigs111219/000109,sitting,sitting,0,0,1
source_video,pigs111219/000109,upright,upright,1,1,1
source_video,pigs111219/000109,unresolved,unresolved,0,0,1
source_video,pigs111219/000109,exclude,technical_exclude,0,0,1
source_video,pigs151119/000000,lying,lying,0,0,1
source_video,pigs151119/000000,sitting,sitting,1,1,1
source_video,pigs151119/000000,upright,upright,0,0,1
source_video,pigs151119/000000,unresolved,unresolved,0,0,1
source_video,pigs151119/000000,exclude,technical_exclude,0,0,1
source_video,pigs151119/000007,lying,lying,0,0,1
source_video,pigs151119/000007,sitting,sitting,1,1,1
source_video,pigs151119/000007,upright,upright,0,0,1
source_video,pigs151119/000007,unresolved,unresolved,0,0,1
source_video,pigs151119/000007,exclude,technical_exclude,0,0,1
source_video,pigs151119/000008,lying,lying,0,0,1
source_video,pigs151119/000008,sitting,sitting,1,1,1
source_video,pigs151119/000008,upright,upright,0,0,1
source_video,pigs151119/000008,unresolved,unresolved,0,0,1
source_video,pigs151119/000008,exclude,technical_exclude,0,0,1
source_video,pigs151119/000013,lying,lying,0,0,1
source_video,pigs151119/000013,sitting,sitting,0,0,1
source_video,pigs151119/000013,upright,upright,1,1,1
source_video,pigs151119/000013,unresolved,unresolved,0,0,1
source_video,pigs151119/000013,exclude,technical_exclude,0,0,1
source_video,pigs151119/000016,lying,lying,1,1,1
source_video,pigs151119/000016,sitting,sitting,0,0,1
source_video,pigs151119/000016,upright,upright,0,0,1
source_video,pigs151119/000016,unresolved,unresolved,0,0,1
source_video,pigs151119/000016,exclude,technical_exclude,0,0,1
source_video,pigs151119/000025,lying,lying,0,0,3
source_video,pigs151119/000025,sitting,sitting,3,3,3
source_video,pigs151119/000025,upright,upright,0,0,3
source_video,pigs151119/000025,unresolved,unresolved,0,0,3
source_video,pigs151119/000025,exclude,technical_exclude,0,0,3
source_video,pigs151119/000026,lying,lying,0,0,1
source_video,pigs151119/000026,sitting,sitting,1,1,1
source_video,pigs151119/000026,upright,upright,0,0,1
source_video,pigs151119/000026,unresolved,unresolved,0,0,1
source_video,pigs151119/000026,exclude,technical_exclude,0,0,1
source_video,pigs151119/000027,lying,lying,1,1,2
source_video,pigs151119/000027,sitting,sitting,1,1,2
source_video,pigs151119/000027,upright,upright,0,0,2
source_video,pigs151119/000027,unresolved,unresolved,0,0,2
source_video,pigs151119/000027,exclude,technical_exclude,0,0,2
source_video,pigs151119/000031,lying,lying,0,0,1
source_video,pigs151119/000031,sitting,sitting,0,0,1
source_video,pigs151119/000031,upright,upright,1,1,1
source_video,pigs151119/000031,unresolved,unresolved,0,0,1
source_video,pigs151119/000031,exclude,technical_exclude,0,0,1
source_video,pigs151119/000034,lying,lying,0,0,1
source_video,pigs151119/000034,sitting,sitting,0,0,1
source_video,pigs151119/000034,upright,upright,1,1,1
source_video,pigs151119/000034,unresolved,unresolved,0,0,1
source_video,pigs151119/000034,exclude,technical_exclude,0,0,1
source_video,pigs151119/000035,lying,lying,0,0,2
source_video,pigs151119/000035,sitting,sitting,1,1,2
source_video,pigs151119/000035,upright,upright,1,1,2
source_video,pigs151119/000035,unresolved,unresolved,0,0,2
source_video,pigs151119/000035,exclude,technical_exclude,0,0,2
source_video,pigs151119/000037,lying,lying,0,0,3
source_video,pigs151119/000037,sitting,sitting,2,2,3
source_video,pigs151119/000037,upright,upright,1,1,3
source_video,pigs151119/000037,unresolved,unresolved,0,0,3
source_video,pigs151119/000037,exclude,technical_exclude,0,0,3
source_video,pigs151119/000039,lying,lying,1,1,2
source_video,pigs151119/000039,sitting,sitting,0,0,2
source_video,pigs151119/000039,upright,upright,1,1,2
source_video,pigs151119/000039,unresolved,unresolved,0,0,2
source_video,pigs151119/000039,exclude,technical_exclude,0,0,2
source_video,pigs151119/000041,lying,lying,0,0,1
source_video,pigs151119/000041,sitting,sitting,1,1,1
source_video,pigs151119/000041,upright,upright,0,0,1
source_video,pigs151119/000041,unresolved,unresolved,0,0,1
source_video,pigs151119/000041,exclude,technical_exclude,0,0,1
source_video,pigs151119/000048,lying,lying,1,1,1
source_video,pigs151119/000048,sitting,sitting,0,0,1
source_video,pigs151119/000048,upright,upright,0,0,1
source_video,pigs151119/000048,unresolved,unresolved,0,0,1
source_video,pigs151119/000048,exclude,technical_exclude,0,0,1
source_video,pigs151119/000051,lying,lying,0,0,1
source_video,pigs151119/000051,sitting,sitting,1,1,1
source_video,pigs151119/000051,upright,upright,0,0,1
source_video,pigs151119/000051,unresolved,unresolved,0,0,1
source_video,pigs151119/000051,exclude,technical_exclude,0,0,1
source_video,pigs151119/000054,lying,lying,0,0,1
source_video,pigs151119/000054,sitting,sitting,1,1,1
source_video,pigs151119/000054,upright,upright,0,0,1
source_video,pigs151119/000054,unresolved,unresolved,0,0,1
source_video,pigs151119/000054,exclude,technical_exclude,0,0,1
source_video,pigs151119/000066,lying,lying,1,1,1
source_video,pigs151119/000066,sitting,sitting,0,0,1
source_video,pigs151119/000066,upright,upright,0,0,1
source_video,pigs151119/000066,unresolved,unresolved,0,0,1
source_video,pigs151119/000066,exclude,technical_exclude,0,0,1
source_video,pigs161119/000069,lying,lying,0,0,1
source_video,pigs161119/000069,sitting,sitting,0,0,1
source_video,pigs161119/000069,upright,upright,1,1,1
source_video,pigs161119/000069,unresolved,unresolved,0,0,1
source_video,pigs161119/000069,exclude,technical_exclude,0,0,1
source_video,pigs161119/000070,lying,lying,0,0,1
source_video,pigs161119/000070,sitting,sitting,1,1,1
source_video,pigs161119/000070,upright,upright,0,0,1
source_video,pigs161119/000070,unresolved,unresolved,0,0,1
source_video,pigs161119/000070,exclude,technical_exclude,0,0,1
source_video,pigs161119/000071,lying,lying,0,0,1
source_video,pigs161119/000071,sitting,sitting,1,1,1
source_video,pigs161119/000071,upright,upright,0,0,1
source_video,pigs161119/000071,unresolved,unresolved,0,0,1
source_video,pigs161119/000071,exclude,technical_exclude,0,0,1
source_video,pigs161119/000074,lying,lying,1,1,1
source_video,pigs161119/000074,sitting,sitting,0,0,1
source_video,pigs161119/000074,upright,upright,0,0,1
source_video,pigs161119/000074,unresolved,unresolved,0,0,1
source_video,pigs161119/000074,exclude,technical_exclude,0,0,1
source_video,pigs161119/000075,lying,lying,0,0,1
source_video,pigs161119/000075,sitting,sitting,1,1,1
source_video,pigs161119/000075,upright,upright,0,0,1
source_video,pigs161119/000075,unresolved,unresolved,0,0,1
source_video,pigs161119/000075,exclude,technical_exclude,0,0,1
source_video,pigs161119/000076,lying,lying,2,2,2
source_video,pigs161119/000076,sitting,sitting,0,0,2
source_video,pigs161119/000076,upright,upright,0,0,2
source_video,pigs161119/000076,unresolved,unresolved,0,0,2
source_video,pigs161119/000076,exclude,technical_exclude,0,0,2
source_video,pigs271119/000006,lying,lying,0,0,1
source_video,pigs271119/000006,sitting,sitting,1,1,1
source_video,pigs271119/000006,upright,upright,0,0,1
source_video,pigs271119/000006,unresolved,unresolved,0,0,1
source_video,pigs271119/000006,exclude,technical_exclude,0,0,1
source_video,pigs271119/000007,lying,lying,0,0,1
source_video,pigs271119/000007,sitting,sitting,0,0,1
source_video,pigs271119/000007,upright,upright,1,1,1
source_video,pigs271119/000007,unresolved,unresolved,0,0,1
source_video,pigs271119/000007,exclude,technical_exclude,0,0,1
source_video,pigs271119/000008,lying,lying,0,0,2
source_video,pigs271119/000008,sitting,sitting,1,1,2
source_video,pigs271119/000008,upright,upright,1,1,2
source_video,pigs271119/000008,unresolved,unresolved,0,0,2
source_video,pigs271119/000008,exclude,technical_exclude,0,0,2
source_video,pigs271119/000010,lying,lying,1,1,1
source_video,pigs271119/000010,sitting,sitting,0,0,1
source_video,pigs271119/000010,upright,upright,0,0,1
source_video,pigs271119/000010,unresolved,unresolved,0,0,1
source_video,pigs271119/000010,exclude,technical_exclude,0,0,1
source_video,pigs271119/000012,lying,lying,0,0,1
source_video,pigs271119/000012,sitting,sitting,1,1,1
source_video,pigs271119/000012,upright,upright,0,0,1
source_video,pigs271119/000012,unresolved,unresolved,0,0,1
source_video,pigs271119/000012,exclude,technical_exclude,0,0,1
source_video,pigs271119/000013,lying,lying,0,0,1
source_video,pigs271119/000013,sitting,sitting,0,0,1
source_video,pigs271119/000013,upright,upright,1,1,1
source_video,pigs271119/000013,unresolved,unresolved,0,0,1
source_video,pigs271119/000013,exclude,technical_exclude,0,0,1
source_video,pigs271119/000015,lying,lying,0,0,1
source_video,pigs271119/000015,sitting,sitting,0,0,1
source_video,pigs271119/000015,upright,upright,1,1,1
source_video,pigs271119/000015,unresolved,unresolved,0,0,1
source_video,pigs271119/000015,exclude,technical_exclude,0,0,1
source_video,pigs271119/000016,lying,lying,0,0,2
source_video,pigs271119/000016,sitting,sitting,1,1,2
source_video,pigs271119/000016,upright,upright,1,1,2
source_video,pigs271119/000016,unresolved,unresolved,0,0,2
source_video,pigs271119/000016,exclude,technical_exclude,0,0,2
source_video,pigs271119/000018,lying,lying,1,1,1
source_video,pigs271119/000018,sitting,sitting,0,0,1
source_video,pigs271119/000018,upright,upright,0,0,1
source_video,pigs271119/000018,unresolved,unresolved,0,0,1
source_video,pigs271119/000018,exclude,technical_exclude,0,0,1
source_video,pigs271119/000022,lying,lying,0,0,1
source_video,pigs271119/000022,sitting,sitting,1,1,1
source_video,pigs271119/000022,upright,upright,0,0,1
source_video,pigs271119/000022,unresolved,unresolved,0,0,1
source_video,pigs271119/000022,exclude,technical_exclude,0,0,1
source_video,pigs271119/000024,lying,lying,0,0,1
source_video,pigs271119/000024,sitting,sitting,1,1,1
source_video,pigs271119/000024,upright,upright,0,0,1
source_video,pigs271119/000024,unresolved,unresolved,0,0,1
source_video,pigs271119/000024,exclude,technical_exclude,0,0,1
source_video,pigs271119/000025,lying,lying,0,0,2
source_video,pigs271119/000025,sitting,sitting,2,2,2
source_video,pigs271119/000025,upright,upright,0,0,2
source_video,pigs271119/000025,unresolved,unresolved,0,0,2
source_video,pigs271119/000025,exclude,technical_exclude,0,0,2
source_video,pigs271119/000029,lying,lying,1,1,1
source_video,pigs271119/000029,sitting,sitting,0,0,1
source_video,pigs271119/000029,upright,upright,0,0,1
source_video,pigs271119/000029,unresolved,unresolved,0,0,1
source_video,pigs271119/000029,exclude,technical_exclude,0,0,1
source_video,pigs271119/000037,lying,lying,2,2,2
source_video,pigs271119/000037,sitting,sitting,0,0,2
source_video,pigs271119/000037,upright,upright,0,0,2
source_video,pigs271119/000037,unresolved,unresolved,0,0,2
source_video,pigs271119/000037,exclude,technical_exclude,0,0,2
source_video,pigs271119/000039,lying,lying,0,0,1
source_video,pigs271119/000039,sitting,sitting,1,1,1
source_video,pigs271119/000039,upright,upright,0,0,1
source_video,pigs271119/000039,unresolved,unresolved,0,0,1
source_video,pigs271119/000039,exclude,technical_exclude,0,0,1
source_video,pigs271119/000040,lying,lying,0,0,1
source_video,pigs271119/000040,sitting,sitting,0,0,1
source_video,pigs271119/000040,upright,upright,1,1,1
source_video,pigs271119/000040,unresolved,unresolved,0,0,1
source_video,pigs271119/000040,exclude,technical_exclude,0,0,1
source_video,pigs271119/000043,lying,lying,1,1,1
source_video,pigs271119/000043,sitting,sitting,0,0,1
source_video,pigs271119/000043,upright,upright,0,0,1
source_video,pigs271119/000043,unresolved,unresolved,0,0,1
source_video,pigs271119/000043,exclude,technical_exclude,0,0,1
source_video,pigs271119/000051,lying,lying,1,1,1
source_video,pigs271119/000051,sitting,sitting,0,0,1
source_video,pigs271119/000051,upright,upright,0,0,1
source_video,pigs271119/000051,unresolved,unresolved,0,0,1
source_video,pigs271119/000051,exclude,technical_exclude,0,0,1
source_video,pigs271119/000056,lying,lying,2,2,2
source_video,pigs271119/000056,sitting,sitting,0,0,2
source_video,pigs271119/000056,upright,upright,0,0,2
source_video,pigs271119/000056,unresolved,unresolved,0,0,2
source_video,pigs271119/000056,exclude,technical_exclude,0,0,2
source_video,pigs271119/000065,lying,lying,1,1,1
source_video,pigs271119/000065,sitting,sitting,0,0,1
source_video,pigs271119/000065,upright,upright,0,0,1
source_video,pigs271119/000065,unresolved,unresolved,0,0,1
source_video,pigs271119/000065,exclude,technical_exclude,0,0,1
source_video,pigs271119/000066,lying,lying,2,2,2
source_video,pigs271119/000066,sitting,sitting,0,0,2
source_video,pigs271119/000066,upright,upright,0,0,2
source_video,pigs271119/000066,unresolved,unresolved,0,0,2
source_video,pigs271119/000066,exclude,technical_exclude,0,0,2
source_video,pigs271119/000070,lying,lying,1,1,1
source_video,pigs271119/000070,sitting,sitting,0,0,1
source_video,pigs271119/000070,upright,upright,0,0,1
source_video,pigs271119/000070,unresolved,unresolved,0,0,1
source_video,pigs271119/000070,exclude,technical_exclude,0,0,1
source_video,pigs271119/000072,lying,lying,1,1,1
source_video,pigs271119/000072,sitting,sitting,0,0,1
source_video,pigs271119/000072,upright,upright,0,0,1
source_video,pigs271119/000072,unresolved,unresolved,0,0,1
source_video,pigs271119/000072,exclude,technical_exclude,0,0,1
source_video,pigs281119/000087,lying,lying,0,0,2
source_video,pigs281119/000087,sitting,sitting,2,2,2
source_video,pigs281119/000087,upright,upright,0,0,2
source_video,pigs281119/000087,unresolved,unresolved,0,0,2
source_video,pigs281119/000087,exclude,technical_exclude,0,0,2
source_video,pigs281119/000092,lying,lying,0,0,1
source_video,pigs281119/000092,sitting,sitting,1,1,1
source_video,pigs281119/000092,upright,upright,0,0,1
source_video,pigs281119/000092,unresolved,unresolved,0,0,1
source_video,pigs281119/000092,exclude,technical_exclude,0,0,1
source_video,pigs281119/000110,lying,lying,0,0,1
source_video,pigs281119/000110,sitting,sitting,1,1,1
source_video,pigs281119/000110,upright,upright,0,0,1
source_video,pigs281119/000110,unresolved,unresolved,0,0,1
source_video,pigs281119/000110,exclude,technical_exclude,0,0,1
source_video,pigs281119/000111,lying,lying,1,1,1
source_video,pigs281119/000111,sitting,sitting,0,0,1
source_video,pigs281119/000111,upright,upright,0,0,1
source_video,pigs281119/000111,unresolved,unresolved,0,0,1
source_video,pigs281119/000111,exclude,technical_exclude,0,0,1
source_video,pigs281119/000116,lying,lying,0,0,1
source_video,pigs281119/000116,sitting,sitting,1,1,1
source_video,pigs281119/000116,upright,upright,0,0,1
source_video,pigs281119/000116,unresolved,unresolved,0,0,1
source_video,pigs281119/000116,exclude,technical_exclude,0,0,1
source_video,pigs281119/000123,lying,lying,0,0,1
source_video,pigs281119/000123,sitting,sitting,1,1,1
source_video,pigs281119/000123,upright,upright,0,0,1
source_video,pigs281119/000123,unresolved,unresolved,0,0,1
source_video,pigs281119/000123,exclude,technical_exclude,0,0,1
source_video,pigs281119/000140,lying,lying,1,1,1
source_video,pigs281119/000140,sitting,sitting,0,0,1
source_video,pigs281119/000140,upright,upright,0,0,1
source_video,pigs281119/000140,unresolved,unresolved,0,0,1
source_video,pigs281119/000140,exclude,technical_exclude,0,0,1
source_video,pigs281119/000145,lying,lying,2,2,2
source_video,pigs281119/000145,sitting,sitting,0,0,2
source_video,pigs281119/000145,upright,upright,0,0,2
source_video,pigs281119/000145,unresolved,unresolved,0,0,2
source_video,pigs281119/000145,exclude,technical_exclude,0,0,2
source_video,pigs281119/000146,lying,lying,1,1,1
source_video,pigs281119/000146,sitting,sitting,0,0,1
source_video,pigs281119/000146,upright,upright,0,0,1
source_video,pigs281119/000146,unresolved,unresolved,0,0,1
source_video,pigs281119/000146,exclude,technical_exclude,0,0,1
source_video,pigs281119/000153,lying,lying,1,1,1
source_video,pigs281119/000153,sitting,sitting,0,0,1
source_video,pigs281119/000153,upright,upright,0,0,1
source_video,pigs281119/000153,unresolved,unresolved,0,0,1
source_video,pigs281119/000153,exclude,technical_exclude,0,0,1
source_video,pigs281119/000160,lying,lying,0,0,1
source_video,pigs281119/000160,sitting,sitting,1,1,1
source_video,pigs281119/000160,upright,upright,0,0,1
source_video,pigs281119/000160,unresolved,unresolved,0,0,1
source_video,pigs281119/000160,exclude,technical_exclude,0,0,1
source_video,pigs281119/000163,lying,lying,0,0,1
source_video,pigs281119/000163,sitting,sitting,1,1,1
source_video,pigs281119/000163,upright,upright,0,0,1
source_video,pigs281119/000163,unresolved,unresolved,0,0,1
source_video,pigs281119/000163,exclude,technical_exclude,0,0,1
source_video,pigs281119/000164,lying,lying,1,1,1
source_video,pigs281119/000164,sitting,sitting,0,0,1
source_video,pigs281119/000164,upright,upright,0,0,1
source_video,pigs281119/000164,unresolved,unresolved,0,0,1
source_video,pigs281119/000164,exclude,technical_exclude,0,0,1
source_video,pigs281119/000168,lying,lying,1,1,1
source_video,pigs281119/000168,sitting,sitting,0,0,1
source_video,pigs281119/000168,upright,upright,0,0,1
source_video,pigs281119/000168,unresolved,unresolved,0,0,1
source_video,pigs281119/000168,exclude,technical_exclude,0,0,1
source_video,pigs281119/000169,lying,lying,1,1,1
source_video,pigs281119/000169,sitting,sitting,0,0,1
source_video,pigs281119/000169,upright,upright,0,0,1
source_video,pigs281119/000169,unresolved,unresolved,0,0,1
source_video,pigs281119/000169,exclude,technical_exclude,0,0,1
source_video,pigs281119/000170,lying,lying,1,1,1
source_video,pigs281119/000170,sitting,sitting,0,0,1
source_video,pigs281119/000170,upright,upright,0,0,1
source_video,pigs281119/000170,unresolved,unresolved,0,0,1
source_video,pigs281119/000170,exclude,technical_exclude,0,0,1
source_video,pigs281119/000177,lying,lying,1,1,1
source_video,pigs281119/000177,sitting,sitting,0,0,1
source_video,pigs281119/000177,upright,upright,0,0,1
source_video,pigs281119/000177,unresolved,unresolved,0,0,1
source_video,pigs281119/000177,exclude,technical_exclude,0,0,1
source_video,pigs281119/000181,lying,lying,2,2,2
source_video,pigs281119/000181,sitting,sitting,0,0,2
source_video,pigs281119/000181,upright,upright,0,0,2
source_video,pigs281119/000181,unresolved,unresolved,0,0,2
source_video,pigs281119/000181,exclude,technical_exclude,0,0,2
source_video,pigs281119/000188,lying,lying,1,1,1
source_video,pigs281119/000188,sitting,sitting,0,0,1
source_video,pigs281119/000188,upright,upright,0,0,1
source_video,pigs281119/000188,unresolved,unresolved,0,0,1
source_video,pigs281119/000188,exclude,technical_exclude,0,0,1
source_video,pigs281119/000197,lying,lying,1,1,1
source_video,pigs281119/000197,sitting,sitting,0,0,1
source_video,pigs281119/000197,upright,upright,0,0,1
source_video,pigs281119/000197,unresolved,unresolved,0,0,1
source_video,pigs281119/000197,exclude,technical_exclude,0,0,1
source_video,pigs281119/000199,lying,lying,2,2,2
source_video,pigs281119/000199,sitting,sitting,0,0,2
source_video,pigs281119/000199,upright,upright,0,0,2
source_video,pigs281119/000199,unresolved,unresolved,0,0,2
source_video,pigs281119/000199,exclude,technical_exclude,0,0,2
source_video,pigs291119/000203,lying,lying,1,1,1
source_video,pigs291119/000203,sitting,sitting,0,0,1
source_video,pigs291119/000203,upright,upright,0,0,1
source_video,pigs291119/000203,unresolved,unresolved,0,0,1
source_video,pigs291119/000203,exclude,technical_exclude,0,0,1
source_video,pigs291119/000214,lying,lying,1,1,1
source_video,pigs291119/000214,sitting,sitting,0,0,1
source_video,pigs291119/000214,upright,upright,0,0,1
source_video,pigs291119/000214,unresolved,unresolved,0,0,1
source_video,pigs291119/000214,exclude,technical_exclude,0,0,1
source_video,pigs291119/000234,lying,lying,1,1,1
source_video,pigs291119/000234,sitting,sitting,0,0,1
source_video,pigs291119/000234,upright,upright,0,0,1
source_video,pigs291119/000234,unresolved,unresolved,0,0,1
source_video,pigs291119/000234,exclude,technical_exclude,0,0,1
source_video,pigs301119_000327,lying,lying,0,0,22
source_video,pigs301119_000327,sitting,sitting,20,20,22
source_video,pigs301119_000327,upright,upright,2,2,22
source_video,pigs301119_000327,unresolved,unresolved,0,0,22
source_video,pigs301119_000327,exclude,technical_exclude,0,0,22
source_video,pigs301119_000328,lying,lying,8,8,25
source_video,pigs301119_000328,sitting,sitting,17,17,25
source_video,pigs301119_000328,upright,upright,0,0,25
source_video,pigs301119_000328,unresolved,unresolved,0,0,25
source_video,pigs301119_000328,exclude,technical_exclude,0,0,25
source_video,pigs301119_000329,lying,lying,1,1,25
source_video,pigs301119_000329,sitting,sitting,24,24,25
source_video,pigs301119_000329,upright,upright,0,0,25
source_video,pigs301119_000329,unresolved,unresolved,0,0,25
source_video,pigs301119_000329,exclude,technical_exclude,0,0,25
source_video,test video Pigs291119_000302_30fps,lying,lying,25,25,25
source_video,test video Pigs291119_000302_30fps,sitting,sitting,0,0,25
source_video,test video Pigs291119_000302_30fps,upright,upright,0,0,25
source_video,test video Pigs291119_000302_30fps,unresolved,unresolved,0,0,25
source_video,test video Pigs291119_000302_30fps,exclude,technical_exclude,0,0,25
outer_fold,FOLD_1,lying,lying,71,71,75
outer_fold,FOLD_1,sitting,sitting,3,3,75
outer_fold,FOLD_1,upright,upright,1,1,75
outer_fold,FOLD_1,unresolved,unresolved,0,0,75
outer_fold,FOLD_1,exclude,technical_exclude,0,0,75
outer_fold,FOLD_2,lying,lying,12,12,75
outer_fold,FOLD_2,sitting,sitting,61,61,75
outer_fold,FOLD_2,upright,upright,2,2,75
outer_fold,FOLD_2,unresolved,unresolved,0,0,75
outer_fold,FOLD_2,exclude,technical_exclude,0,0,75
outer_fold,FOLD_3,lying,lying,25,25,75
outer_fold,FOLD_3,sitting,sitting,49,49,75
outer_fold,FOLD_3,upright,upright,1,1,75
outer_fold,FOLD_3,unresolved,unresolved,0,0,75
outer_fold,FOLD_3,exclude,technical_exclude,0,0,75
outer_fold,FOLD_4,lying,lying,86,86,275
outer_fold,FOLD_4,sitting,sitting,91,91,275
outer_fold,FOLD_4,upright,upright,98,98,275
outer_fold,FOLD_4,unresolved,unresolved,0,0,275
outer_fold,FOLD_4,exclude,technical_exclude,0,0,275
sampling_stratum,lying_enriched,lying,lying,185,185,200
sampling_stratum,lying_enriched,sitting,sitting,14,14,200
sampling_stratum,lying_enriched,upright,upright,1,1,200
sampling_stratum,lying_enriched,unresolved,unresolved,0,0,200
sampling_stratum,lying_enriched,exclude,technical_exclude,0,0,200
sampling_stratum,sitting_enriched,lying,lying,9,9,200
sampling_stratum,sitting_enriched,sitting,sitting,188,188,200
sampling_stratum,sitting_enriched,upright,upright,3,3,200
sampling_stratum,sitting_enriched,unresolved,unresolved,0,0,200
sampling_stratum,sitting_enriched,exclude,technical_exclude,0,0,200
sampling_stratum,upright_control,lying,lying,0,0,100
sampling_stratum,upright_control,sitting,sitting,2,2,100
sampling_stratum,upright_control,upright,upright,98,98,100
sampling_stratum,upright_control,unresolved,unresolved,0,0,100
sampling_stratum,upright_control,exclude,technical_exclude,0,0,100
